"station"	"duration_mean"	"num_rentals"	"lat"	"long"	"atm"	"bank"	"bar"	"bench"	"bicycle_parking"	"bicycle_rental"	"cafe"	"doctors"	"drinking_water"	"embassy"	"fast_food"	"fountain"	"fuel"	"kindergarten"	"nightclub"	"parking"	"parking_entrance"	"pharmacy"	"place_of_worship"	"police"	"post_box"	"post_office"	"pub"	"recycling"	"restaurant"	"school"	"theatre"	"waste_basket"	"artwork_type_statue"	"diplomatic_embassy"	"emergency_fire_hydrant"	"bus_stop"	"crossing"	"motorway_junction"	"stop"	"traffic_signals"	"turning_circle"	"historic_memorial"	"historic_monument"	"leisure_park"	"leisure_sports_centre"	"office_government"	"outdoor_seating"	"parking_underground"	"railway_level_crossing"	"railway_station"	"railway_subway_entrance"	"shop_alcohol"	"shop_art"	"shop_bakery"	"shop_beauty"	"shop_books"	"shop_clothes"	"shop_convenience"	"shop_dry_cleaning"	"shop_electronics"	"shop_gift"	"shop_hairdresser"	"shop_mobile_phone"	"shop_shoes"	"shop_stationery"	"shop_supermarket"	"station_subway"	"tourism_artwork"	"tourism_hotel"	"tourism_information"	"tourism_museum"
"10th & E St NW"	25.6370789822033	13598	"38.895914"	"-77.026064"	1	4	1	0	4	1	6	0	0	0	5	0	0	0	0	2	0	0	2	0	1	1	1	4	15	0	0	4	0	0	0	2	101	0	2	65	0	0	0	2	0	0	1	2	0	3	1	0	0	0	0	1	7	0	0	0	2	1	0	0	0	0	3	0	3	1	1
"10th & K St NW"	15.8478019201617	9895	"38.9024"	"-77.02622"	0	4	1	0	0	2	2	0	0	0	3	0	0	0	0	1	0	0	1	0	0	0	0	0	8	1	1	0	1	0	0	5	109	0	0	65	0	0	0	0	0	0	1	0	0	0	0	0	1	0	0	0	0	0	0	0	0	0	0	0	0	0	0	2	5	0	0
"10th & Monroe St NE"	15.9716112531969	3910	"38.932514"	"-76.992889"	0	0	0	0	0	2	1	0	0	0	0	0	0	0	0	0	0	0	0	0	1	0	2	0	1	2	0	0	0	0	0	0	1	0	0	2	0	0	0	0	0	0	0	0	0	1	0	0	0	0	0	0	0	0	0	0	0	0	0	0	0	0	1	0	0	0	0
"10th & U St NW"	12.5514032606268	13433	"38.9172"	"-77.0259"	0	1	6	0	0	2	1	0	1	0	1	0	0	0	3	0	0	1	2	0	2	0	3	0	20	5	0	0	0	0	0	1	9	0	1	18	0	0	1	0	0	0	1	0	0	2	1	2	0	0	0	0	1	2	0	0	0	0	0	0	0	0	2	0	0	0	1
"10th St & Constitution Ave NW"	28.6688311688312	19096	"38.893028"	"-77.026013"	0	1	0	1	1	2	0	0	0	0	0	0	0	1	0	1	0	0	0	0	0	1	0	0	0	0	0	0	3	0	0	1	76	0	1	50	0	0	0	2	0	0	0	0	0	3	1	0	0	0	0	0	0	0	0	0	0	0	0	0	0	0	3	3	0	0	0
"11th & F St NW"	20.9831314878893	13872	"38.897857"	"-77.026975"	1	7	1	0	3	2	7	1	0	0	7	0	0	0	0	0	0	0	4	0	1	0	1	4	10	0	1	4	0	0	0	1	68	0	1	30	0	0	0	1	1	0	0	0	0	7	3	0	0	1	0	1	8	0	0	0	2	0	0	0	0	0	7	2	2	1	1
"11th & H St NE"	12.1695061255743	10448	"38.899983"	"-76.991383"	1	2	1	0	0	1	1	0	0	0	5	0	0	1	0	0	0	1	2	0	0	0	2	0	7	1	0	0	0	0	0	0	73	0	14	1	0	0	0	1	0	1	0	0	1	0	0	1	0	0	0	0	4	2	0	0	0	5	2	0	0	1	0	0	0	0	0
"11th & Kenyon St NW"	14.1082429166452	19447	"38.929464"	"-77.027822"	0	0	0	0	0	1	0	0	0	0	0	0	0	0	0	0	0	0	1	0	2	0	1	0	1	0	0	0	0	0	0	1	19	0	0	30	0	0	0	0	0	0	0	0	0	0	0	0	0	1	0	0	0	1	0	0	0	0	0	0	0	1	0	0	0	0	0
"11th & M St NW"	11.3535553846776	24709	"38.905607"	"-77.027137"	0	0	0	0	0	1	3	1	0	0	1	0	0	0	0	0	0	2	3	0	2	0	0	0	3	1	0	0	1	0	0	1	49	0	1	21	0	0	0	0	0	0	0	0	0	0	0	1	0	0	0	0	0	1	0	0	0	0	0	0	0	1	0	2	4	0	1
"12th & Army Navy Dr"	19.2727790432802	3512	"38.8629"	"-77.0528"	0	0	0	0	0	1	0	0	0	0	0	0	0	0	0	1	0	0	0	0	0	0	0	0	0	0	0	0	0	0	7	1	11	1	1	3	0	0	0	0	0	0	0	0	0	0	0	0	0	0	0	0	0	0	0	0	0	0	0	0	0	0	0	0	1	0	0
"12th & L St NW"	11.3125945537065	15864	"38.903819"	"-77.0284"	0	2	0	0	0	2	3	1	1	0	4	0	0	0	0	0	0	0	2	0	4	0	1	0	5	2	0	0	1	0	0	5	96	0	0	47	0	0	0	0	0	0	0	0	0	0	0	0	0	0	0	0	0	1	0	0	0	0	0	0	0	0	0	2	3	0	0
"12th & Newton St NE"	23.0416171224732	1682	"38.933668"	"-76.991016"	0	0	0	0	0	2	0	1	0	0	0	0	0	0	0	0	0	0	0	0	0	0	1	0	1	2	0	0	0	0	0	0	0	0	0	5	0	0	0	0	0	0	0	0	0	0	0	0	0	0	0	0	0	0	0	0	0	0	0	0	0	0	0	0	0	0	0
"12th & U St NW"	12.9234983766234	19712	"38.916787"	"-77.028139"	0	2	3	0	0	2	3	0	1	0	2	0	0	0	3	0	0	2	2	0	2	0	1	0	14	4	1	0	0	0	0	1	12	0	1	15	0	0	1	0	0	0	0	0	0	2	3	0	0	0	0	0	1	3	1	0	0	0	1	0	0	0	2	0	0	0	0
"13th & D St NE"	12.5926427603907	14027	"38.894832"	"-76.987633"	0	0	0	0	0	1	0	0	1	0	0	0	0	1	0	0	0	0	1	0	0	0	0	0	0	3	0	0	0	0	0	0	5	0	0	0	0	0	0	0	0	0	0	0	0	0	0	0	0	0	0	0	0	0	0	0	0	0	0	0	0	0	0	0	0	0	0
"13th & H St NE"	13.460506897658	15585	"38.9003"	"-76.9882"	0	0	3	0	0	1	1	0	0	0	4	0	0	0	1	0	0	0	1	0	0	0	5	0	6	0	1	0	0	0	0	0	61	0	9	2	0	0	0	0	0	1	0	0	1	0	0	0	0	1	0	0	2	0	0	0	0	5	0	0	0	0	0	0	0	0	0
"13th St & Eastern Ave"	19.5253664036077	887	"38.987"	"-77.029417"	0	1	0	0	0	0	1	0	0	0	1	0	1	0	0	1	0	0	0	0	0	0	0	0	1	0	0	0	0	0	0	0	5	0	0	8	0	0	0	0	0	0	0	0	0	0	0	0	0	0	0	0	0	0	0	0	0	0	0	0	0	0	0	0	1	0	0
"13th St & New York Ave NW"	17.3368289464546	14399	"38.900283"	"-77.029822"	0	5	0	0	0	2	6	0	1	0	5	0	0	0	0	1	0	1	2	0	1	1	0	0	4	0	0	0	1	0	0	3	68	0	0	34	0	0	0	0	1	0	1	1	0	3	2	0	0	0	0	0	0	0	0	0	0	0	0	1	1	0	3	2	2	0	1
"14th & D St NW / Ronald Reagan Building"	26.1830138315943	20605	"38.894514"	"-77.031617"	0	0	0	0	0	2	2	0	0	0	0	2	0	1	0	0	0	0	0	0	0	0	0	0	2	0	0	0	3	0	0	2	71	0	0	46	0	1	0	3	0	2	2	0	0	0	0	0	0	0	0	0	0	0	0	0	0	0	0	0	0	0	0	5	0	4	0
"14th & D St SE"	11.4744497236498	10313	"38.884"	"-76.9861"	0	1	0	0	0	1	1	0	0	0	0	0	0	0	0	0	0	0	0	0	0	0	0	0	0	2	0	0	0	0	0	0	0	0	0	0	0	0	0	1	0	0	0	0	0	0	0	1	0	0	0	0	0	0	0	0	0	0	0	0	0	0	0	0	0	0	0
"14th & G St NW"	23.3354330708661	18415	"38.898069"	"-77.031823"	1	10	1	0	0	3	6	0	0	0	5	0	0	4	0	0	0	1	2	0	0	0	2	0	11	0	1	0	2	0	0	0	75	0	0	36	0	1	0	1	2	1	0	0	0	3	0	1	0	0	0	0	1	2	0	4	2	0	0	1	0	0	3	2	3	0	0
"14th & Harvard St NW"	11.835790951951	19938	"38.9268"	"-77.0322"	1	1	0	0	0	1	1	0	1	0	2	0	0	3	0	1	0	1	2	0	1	0	0	0	3	5	0	0	0	0	0	2	2	0	0	7	0	0	0	0	1	0	0	0	0	1	2	0	0	0	0	0	0	1	0	0	0	0	0	0	0	0	1	0	0	0	0
"14th & R St NW"	11.9655017921147	26784	"38.912682"	"-77.031681"	0	0	3	0	0	1	1	2	0	0	0	0	0	0	0	0	0	0	0	0	1	0	0	0	7	0	0	0	0	0	0	0	54	0	4	36	0	0	0	0	0	0	0	0	0	0	0	1	0	0	0	0	0	0	0	0	1	0	0	0	0	0	0	0	1	0	0
"14th & Rhode Island Ave NW"	14.3360069287543	26556	"38.9086"	"-77.0323"	1	3	4	0	0	2	4	0	0	0	2	0	0	0	0	0	0	1	2	0	3	1	2	0	11	0	1	0	0	0	0	2	41	0	0	18	0	0	0	0	0	0	0	0	0	0	0	3	0	0	0	0	0	0	0	0	0	1	0	1	0	1	0	1	3	0	1
"14th & Upshur St NW"	17.3052895576835	4386	"38.942016"	"-77.032652"	0	0	0	0	0	0	0	0	2	0	0	0	0	0	0	0	0	0	0	0	0	0	0	0	0	1	0	0	0	0	0	0	7	0	0	20	0	0	0	3	0	0	0	0	0	0	0	0	0	0	0	0	0	0	0	0	0	0	0	0	0	0	0	0	0	0	0
"14th & V St NW"	12.3835578080811	35713	"38.9176"	"-77.0321"	0	3	7	0	0	2	5	0	0	0	7	0	1	2	0	0	0	1	2	0	1	1	1	0	13	5	0	0	0	0	0	2	19	0	0	15	0	0	0	0	1	0	0	0	0	1	0	1	0	0	0	1	1	1	0	0	0	0	0	0	0	2	1	0	0	0	0
"14th St & Colorado Ave NW"	19.6455813953488	3225	"38.956432"	"-77.032947"	0	0	0	1	0	0	0	0	0	0	0	0	0	1	0	0	0	0	2	0	0	0	0	0	0	0	0	0	0	0	0	1	0	0	0	12	0	0	0	0	1	0	0	0	0	0	0	0	0	0	0	0	0	1	0	0	0	1	0	0	0	0	0	0	0	0	0
"14th St & New York Ave NW"	20.5931569664903	14175	"38.899632"	"-77.031686"	0	8	1	0	0	4	8	0	0	0	6	0	0	3	0	1	0	1	2	0	2	1	1	0	7	0	0	0	1	0	0	2	92	0	0	49	0	0	0	0	1	0	0	1	0	6	2	1	0	0	0	0	0	1	0	3	2	0	0	1	0	0	6	1	2	0	0
"14th St & Spring Rd NW"	14.4387777533524	9098	"38.9375"	"-77.0328"	0	0	1	0	0	1	0	0	0	0	0	0	0	1	0	0	0	0	2	0	1	0	0	0	15	0	0	0	0	0	0	0	0	0	0	11	0	0	0	0	0	0	0	0	0	0	0	2	0	0	1	0	1	2	1	0	0	0	0	0	0	1	0	0	0	0	0
"14th St Heights / 14th & Crittenden St NW"	19.0171246515333	2511	"38.947774"	"-77.032818"	0	0	0	0	0	1	1	0	0	0	0	0	0	0	0	0	0	0	0	0	0	0	0	0	1	0	0	0	0	0	0	0	0	0	0	10	0	0	0	0	0	0	0	0	0	0	0	1	0	0	0	0	0	1	0	0	0	0	0	0	0	0	0	0	0	0	0
"15th & Crystal Dr"	24.5641960307817	4938	"38.86017"	"-77.049593"	0	0	0	0	0	1	0	0	0	0	0	0	0	0	0	1	0	0	0	0	0	1	0	0	0	0	0	0	0	0	8	0	0	0	0	1	0	0	0	0	0	0	0	0	0	1	0	0	0	0	0	0	0	0	0	0	0	0	0	0	0	0	0	0	0	0	0
"15th & East Capitol St NE"	11.9413830689112	8257	"38.889908"	"-76.983326"	0	0	0	0	0	0	0	0	0	0	1	0	0	0	0	0	0	0	1	0	0	0	0	0	0	1	0	0	0	0	0	0	1	0	0	0	0	0	0	0	0	0	0	0	1	0	0	0	0	0	0	0	0	3	0	0	0	2	0	0	0	0	0	0	0	0	0
"15th & Euclid St  NW"	11.0669406928949	15327	"38.92333"	"-77.0352"	0	0	0	0	0	1	0	1	1	1	0	0	0	0	0	0	0	0	0	0	1	0	0	0	0	1	0	1	1	1	1	2	1	0	0	8	0	0	0	0	0	0	0	0	0	0	0	0	0	0	0	0	0	1	0	0	0	0	0	0	0	0	0	1	0	0	0
"15th & F St NE"	12.5201172395417	7506	"38.897195"	"-76.983575"	0	0	0	0	0	0	0	0	0	0	0	0	0	1	0	0	0	0	0	0	0	0	0	0	0	2	0	0	0	0	0	0	1	0	0	0	0	0	0	0	0	0	0	0	1	0	0	0	0	0	0	0	0	0	0	0	0	0	0	0	0	0	0	0	0	0	0
"15th & K St NW"	17.2333717800846	15606	"38.902"	"-77.03353"	0	9	1	33	0	1	8	0	3	0	11	0	0	0	0	0	0	1	0	0	2	2	1	0	16	0	0	11	2	0	0	5	74	0	0	43	0	0	1	0	0	0	1	0	0	3	2	2	0	0	0	0	1	0	0	0	0	0	0	0	1	0	3	2	5	0	0
"15th & N Scott St"	18.1700680272109	3528	"38.89054"	"-77.08095"	0	0	0	0	0	2	0	0	0	0	0	0	0	0	0	1	0	0	0	2	0	0	0	0	2	0	0	0	0	0	0	4	61	0	5	21	0	1	0	0	0	0	0	0	0	0	0	0	0	0	0	0	0	0	0	0	0	1	0	0	0	0	0	0	0	0	0
"15th & P St NW"	12.2852641020047	41253	"38.90985"	"-77.034438"	1	3	3	0	0	2	3	0	0	1	3	0	1	0	0	0	0	1	0	0	1	1	2	0	8	0	0	0	0	1	0	0	35	0	0	27	0	0	0	0	0	0	0	0	0	0	0	2	0	0	0	0	0	0	0	0	1	1	0	1	0	1	0	1	5	0	0
"15th St & Massachusetts Ave SE"	12.1360176773877	8146	"38.88732"	"-76.983569"	0	0	0	0	0	1	0	1	0	0	1	0	0	0	0	0	0	0	2	0	0	0	0	0	0	1	0	0	0	0	0	0	1	0	0	3	0	0	0	0	0	0	0	0	0	0	0	1	0	0	0	0	0	0	0	0	0	1	0	0	0	0	0	0	0	0	0
"16th & Harvard St NW"	11.8110663024153	23061	"38.926088"	"-77.036536"	0	0	0	0	0	1	1	0	1	1	1	0	0	1	0	0	0	0	10	0	1	0	0	0	0	1	0	0	1	0	0	2	0	0	2	18	0	0	0	0	1	0	1	0	0	0	0	0	0	0	0	1	0	2	0	0	0	0	0	0	0	0	0	1	1	0	0
"17th & Corcoran St NW"	11.1560552092609	31444	"38.9121"	"-77.0387"	0	0	0	0	0	2	2	1	0	1	3	0	0	0	0	0	0	0	0	0	1	0	2	0	8	0	0	0	0	1	0	0	54	0	0	34	0	0	0	0	0	0	0	0	0	0	0	1	0	0	0	0	0	0	2	0	0	0	0	0	0	0	0	0	2	0	0
"17th & K St NW"	15.3564886453933	23911	"38.90276"	"-77.03863"	2	14	0	0	2	3	10	0	2	0	7	0	0	0	0	0	1	2	1	0	0	2	1	0	11	3	0	0	1	0	0	5	38	0	0	53	0	0	0	0	0	0	0	0	0	5	2	1	0	0	1	0	6	0	0	0	1	2	1	0	0	0	5	1	2	0	0
"17th & K St NW / Farragut Square"	16.0710379640341	19018	"38.902061"	"-77.038322"	2	14	0	0	2	2	8	0	2	0	7	0	0	0	0	0	1	1	1	0	0	2	2	0	12	1	0	0	1	0	0	5	39	0	0	53	0	0	0	0	0	0	0	0	0	5	1	1	0	1	1	0	6	0	0	0	1	2	1	0	0	0	5	1	2	0	0
"17th & Rhode Island Ave NW"	14.0031851360319	22605	"38.906602"	"-77.038785"	0	1	0	0	0	1	1	0	0	4	0	0	0	0	0	2	0	0	1	0	2	0	0	0	3	2	0	0	2	4	0	0	14	0	0	29	0	0	0	2	0	0	0	1	0	0	0	0	0	0	0	0	2	0	0	0	0	0	0	0	0	0	0	2	6	0	1
"17th St & Massachusetts Ave NW"	12.3651760065172	23323	"38.908142"	"-77.038359"	0	0	0	0	0	1	1	0	0	7	0	0	0	1	0	0	1	1	2	0	3	0	1	0	2	2	0	0	2	7	0	0	27	0	0	28	0	0	0	0	0	0	0	0	0	0	0	0	0	0	0	0	0	0	0	0	0	0	0	0	0	0	0	2	8	0	0
"18th & Eads St."	21.1861471861472	2772	"38.85725"	"-77.05332"	0	0	0	0	0	2	0	0	0	0	0	0	0	0	0	0	0	0	0	0	0	0	0	0	0	0	0	0	0	0	9	0	1	1	0	16	0	0	0	0	0	0	0	0	0	0	1	0	0	0	0	0	0	1	0	0	0	0	0	0	0	0	0	0	2	0	0
"18th & M St NW"	13.8935212957409	16670	"38.904742"	"-77.041606"	0	14	2	0	0	3	10	0	1	0	12	0	0	0	1	1	0	2	0	0	2	2	6	0	23	0	0	0	1	0	0	1	8	0	0	36	0	0	0	3	1	1	1	0	0	1	1	0	1	0	0	0	7	1	0	2	0	2	3	1	2	0	1	1	1	0	0
"18th St & Pennsylvania Ave NW"	19.1005884174667	16145	"38.89968"	"-77.041539"	1	5	0	0	1	4	13	0	0	0	4	0	0	1	0	1	1	1	0	0	2	1	3	0	4	1	0	0	0	0	0	2	50	0	0	39	0	0	0	1	0	1	0	1	0	1	0	2	0	1	0	1	0	0	0	0	1	0	0	0	1	0	0	0	0	2	0
"18th St & Rhode Island Ave NE"	26.188679245283	689	"38.927095"	"-76.978924"	0	0	0	0	0	0	0	0	0	0	0	0	0	0	0	0	0	0	1	0	2	0	0	0	0	0	0	0	0	0	0	0	0	0	0	3	0	0	0	0	0	0	0	0	0	0	0	2	0	0	0	0	0	0	0	0	0	0	0	0	0	0	0	0	0	0	0
"18th St & Wyoming Ave NW"	12.4585485731481	19939	"38.918809"	"-77.041571"	1	0	8	0	1	2	3	1	0	0	0	0	0	0	1	0	0	0	0	0	1	1	2	0	11	2	0	0	0	0	0	0	3	0	0	4	0	0	0	0	1	0	0	0	0	0	0	1	0	0	0	1	2	1	0	0	0	0	0	0	0	0	0	0	0	0	0
"19th & E Street NW"	20.5390044576523	5384	"38.8952"	"-77.0436"	0	0	0	0	4	3	1	0	0	0	3	0	0	0	0	1	0	0	0	0	0	0	0	1	0	0	0	2	3	0	0	0	21	0	0	37	0	1	1	0	0	0	0	0	0	0	0	0	0	0	0	0	0	2	0	0	0	0	0	0	0	0	0	3	0	0	1
"19th & East Capitol St SE"	15.8401143241426	5948	"38.8896"	"-76.9769"	0	0	0	0	0	1	0	0	0	0	0	0	0	0	0	0	0	0	0	0	0	0	0	0	0	0	0	0	0	0	0	0	0	0	0	0	0	0	0	0	0	0	0	0	1	3	0	0	0	0	0	0	0	0	0	0	0	0	0	0	0	0	3	0	0	0	0
"19th & K St NW"	14.2680372754347	10409	"38.902204"	"-77.04337"	2	19	1	0	2	3	13	0	0	1	10	0	0	1	0	6	1	1	0	0	3	0	3	0	12	0	0	0	0	1	2	6	19	0	0	53	0	0	0	0	2	0	0	1	0	4	0	3	2	0	0	0	2	1	2	2	0	1	0	1	3	0	3	0	0	1	0
"19th & L St NW"	14.1241618870668	12379	"38.903407"	"-77.043648"	1	18	2	0	0	4	6	0	0	1	11	0	0	0	0	6	0	1	0	0	2	0	4	0	16	0	0	0	0	1	1	6	14	0	0	42	0	0	0	0	2	1	0	0	0	0	0	1	1	0	0	0	2	1	0	2	0	0	0	1	2	0	0	0	0	0	0
"19th St & Constitution Ave NW"	32.7810993803076	17428	"38.8923"	"-77.0436"	0	0	0	0	2	1	0	0	0	0	0	0	0	0	0	0	0	0	0	0	0	0	0	0	0	0	0	0	1	0	0	0	11	0	0	21	0	3	0	0	0	0	0	0	0	0	0	0	0	0	0	0	0	0	0	0	0	0	0	0	0	0	0	0	0	1	1
"19th St & Pennsylvania Ave NW"	17.3421388588824	10183	"38.9003"	"-77.0429"	2	7	1	0	2	2	11	0	0	0	8	0	0	1	0	5	2	1	0	0	2	1	1	0	8	0	0	0	2	0	2	1	38	0	0	39	0	0	0	1	1	0	0	2	0	4	0	2	2	0	0	1	0	1	2	0	0	1	0	0	1	0	3	2	0	1	0
"1st & K St SE"	13.7408914605456	15727	"38.87861"	"-77.006004"	0	1	0	0	0	1	1	0	0	0	1	0	0	0	0	0	0	0	0	0	0	0	0	0	2	0	0	0	0	0	0	1	0	0	7	6	0	0	0	0	0	0	1	0	0	0	0	1	0	0	0	0	0	0	1	0	0	0	0	0	0	0	0	0	1	0	0
"1st & M St NE"	14.8545541954809	27041	"38.9057"	"-77.0056"	0	1	0	0	0	1	2	1	0	0	0	0	0	0	0	0	0	1	0	0	0	0	0	0	3	0	0	0	0	0	0	0	3	0	1	2	0	0	0	0	0	2	0	0	0	0	1	0	0	0	0	0	0	0	0	0	0	0	0	0	0	1	0	0	1	0	0
"1st & N St  SE"	20.6874551971326	5580	"38.8743"	"-77.0057"	0	0	0	0	0	1	0	0	0	0	0	0	0	0	0	0	0	0	0	0	0	0	0	0	0	0	0	0	0	0	0	0	1	0	3	6	0	0	0	0	0	0	0	0	0	0	0	0	0	0	0	0	0	0	0	0	0	0	0	0	0	0	0	0	0	0	0
"1st & Rhode Island Ave NW"	13.7250300461762	15809	"38.915417"	"-77.012289"	0	0	1	0	2	1	1	0	0	0	2	0	0	0	0	0	0	0	4	0	0	0	1	0	2	0	0	0	0	0	0	0	10	0	0	5	0	0	0	0	0	0	1	0	0	0	0	1	0	1	0	0	0	4	0	0	0	0	0	0	0	0	0	1	0	0	0
"1st & Washington Hospital Center NW"	16.5650750341064	3665	"38.928743"	"-77.012457"	0	0	0	0	0	1	0	0	0	0	0	0	0	0	0	0	0	0	0	0	0	0	0	0	0	0	0	0	0	0	0	0	1	0	0	1	0	0	0	0	0	0	0	0	0	0	0	0	0	0	0	0	0	0	0	0	0	0	0	0	0	0	0	0	0	0	0
"20th & Bell St"	20.7576396206533	1898	"38.8561"	"-77.0512"	0	0	1	0	0	2	0	0	0	0	2	0	0	0	0	1	0	0	0	0	0	0	0	0	4	0	0	0	0	0	14	0	0	1	0	14	0	0	0	0	0	0	1	0	0	0	0	0	0	0	0	0	0	0	0	0	0	0	0	0	0	0	0	0	4	0	0
"20th & Crystal Dr"	24.3149882903981	5124	"38.856425"	"-77.049232"	0	0	1	0	0	2	0	0	0	0	2	0	0	0	0	1	0	0	0	0	0	0	0	0	4	0	0	0	0	0	8	0	0	2	0	5	0	0	0	0	0	0	1	0	0	2	1	0	0	0	0	0	0	0	0	0	0	0	0	0	0	0	1	0	0	0	0
"20th & E St NW"	20.7952510393348	12508	"38.8963"	"-77.045"	0	0	0	0	3	4	3	1	0	0	3	0	0	0	0	1	0	0	0	0	0	0	0	3	0	0	0	5	2	0	1	1	21	0	0	34	0	1	2	0	0	1	0	0	0	0	0	0	0	0	1	0	0	2	0	0	0	0	0	0	0	0	0	1	0	0	0
"20th & L St NW"	15.642805866065	9751	"38.903584"	"-77.044789"	0	14	2	0	0	3	6	0	0	1	9	0	0	0	0	5	0	1	0	0	3	2	4	0	18	1	0	0	0	1	1	6	9	0	0	36	0	0	0	0	2	1	0	0	0	0	0	1	1	0	0	0	0	1	0	2	0	2	0	1	2	0	0	0	0	0	0
"20th & O St NW / Dupont South"	14.0899639589687	21642	"38.908905"	"-77.04478"	0	3	2	0	1	2	6	0	2	0	7	0	0	0	0	1	0	1	1	0	1	0	3	0	17	0	0	0	1	0	0	4	40	0	0	36	0	0	0	0	0	0	0	0	0	3	3	1	1	1	0	3	0	1	0	0	0	2	1	0	0	0	3	1	5	0	0
"20th St & Florida Ave NW"	12.8157894736842	25080	"38.9154"	"-77.0446"	1	1	3	0	0	1	0	0	0	0	1	0	0	0	0	0	0	1	1	0	2	2	1	0	8	1	0	0	1	0	0	1	9	0	4	27	0	0	0	1	0	1	0	0	0	3	0	2	0	0	0	0	0	0	0	0	0	0	0	0	0	1	3	1	3	0	0
"20th St & Virginia Ave NW"	24.7475004544628	5501	"38.894722"	"-77.045128"	0	1	0	0	3	4	1	0	1	0	2	0	0	0	0	1	0	0	0	0	0	0	0	1	0	0	0	2	2	0	0	1	18	0	0	35	0	1	2	0	0	0	0	0	0	0	0	0	0	0	0	0	0	2	0	0	0	0	0	0	0	0	0	2	0	0	1
"21st & I St NW"	18.4224076125921	15343	"38.9008"	"-77.047"	1	4	0	0	1	3	7	0	0	0	3	0	0	0	0	8	3	1	2	1	2	1	1	2	5	0	0	2	2	0	0	4	8	0	1	49	0	0	2	0	0	0	0	1	0	3	0	0	0	0	0	0	1	0	1	0	0	3	0	0	0	0	3	2	1	0	0
"21st & M St NW"	15.040350877193	25080	"38.90534"	"-77.046774"	0	2	0	0	1	2	7	0	1	0	1	0	1	1	0	4	0	2	0	0	1	3	0	0	11	0	0	0	0	0	0	0	0	0	0	42	0	0	0	0	0	1	0	3	0	0	0	1	0	0	0	0	0	0	0	0	0	0	0	0	0	0	0	0	7	0	0
"21st St & Constitution Ave NW"	31.7697825765419	13522	"38.892459"	"-77.046567"	0	0	0	0	0	1	0	0	0	0	0	0	0	0	0	0	0	0	0	0	0	0	0	0	0	0	0	0	1	0	0	0	7	0	0	17	0	1	0	0	0	1	0	0	0	0	0	0	0	0	0	0	0	0	0	0	0	0	0	0	0	0	0	0	0	0	1
"21st St & Pennsylvania Ave NW"	16.1191999279214	11099	"38.901539"	"-77.046564"	2	5	1	0	1	2	9	0	0	0	5	0	0	0	0	9	2	2	2	1	2	1	1	0	11	1	0	0	0	0	0	5	6	0	1	52	0	0	0	0	1	0	0	1	0	3	0	1	2	0	0	0	1	0	2	0	0	5	0	0	1	0	3	0	1	0	0
"22nd & I St NW / Foggy Bottom"	18.072283794009	22467	"38.90088"	"-77.048911"	1	2	0	0	0	2	4	0	0	0	0	0	0	0	0	5	2	0	1	1	2	0	0	2	8	1	0	2	1	0	0	8	7	0	1	51	0	0	5	0	0	0	0	1	0	4	1	0	0	0	0	0	1	0	1	0	0	2	0	0	0	0	4	1	0	0	0
"23rd & Crystal Dr"	16.4617996604414	4712	"38.8533"	"-77.0498"	0	1	0	0	0	2	2	0	0	0	4	0	0	0	0	1	0	0	0	0	0	0	0	0	13	0	0	0	0	0	14	0	0	0	0	2	0	0	0	0	0	0	1	0	0	1	0	1	0	0	0	0	0	0	0	0	0	0	0	0	0	0	0	0	0	0	0
"23rd & E St NW"	19.3085068831627	11332	"38.896104"	"-77.049882"	0	1	0	0	0	1	1	0	0	0	1	0	0	1	0	0	0	1	0	0	0	0	0	4	2	0	0	4	2	0	0	0	12	2	1	33	0	1	0	0	0	0	0	0	0	0	0	1	0	0	0	0	0	1	0	0	0	0	0	0	0	1	0	2	0	0	0
"23rd & Eads St"	17.4491268033409	2634	"38.853531"	"-77.053509"	0	0	0	0	0	1	0	0	0	0	0	0	1	0	0	0	0	0	0	0	0	0	0	0	7	0	0	0	0	0	9	0	1	1	0	14	0	0	0	0	0	0	0	0	0	0	0	1	0	0	0	0	0	0	0	0	0	0	0	0	0	0	0	0	1	0	0
"24th & N St NW"	16.9842000895541	15633	"38.9066"	"-77.05152"	0	3	1	0	0	1	0	0	1	1	0	0	0	0	0	0	0	0	0	0	0	0	0	0	3	0	0	0	0	0	0	0	1	0	0	12	0	0	0	0	1	0	0	0	0	0	0	0	0	0	0	0	0	1	0	0	0	0	0	0	0	0	0	0	8	1	0
"25th St & Pennsylvania Ave NW"	17.2579845413446	20571	"38.903827"	"-77.053485"	0	2	0	0	0	1	0	0	0	0	0	0	0	0	0	0	0	0	1	0	0	0	2	0	8	1	0	0	0	0	0	4	0	1	0	22	0	0	0	0	0	0	0	0	0	0	0	1	0	0	0	0	0	1	0	0	0	1	0	0	0	1	0	0	4	0	0
"26th & S Clark St"	12.991124260355	2028	"38.850688"	"-77.05152"	0	0	0	0	0	1	1	0	0	0	1	0	0	0	0	0	0	0	0	0	0	0	0	0	0	0	0	0	0	0	12	0	0	4	0	11	0	0	0	0	0	0	0	0	0	1	0	0	0	0	0	0	0	0	0	0	0	0	0	0	0	0	0	0	0	0	0
"27th & Crystal Dr"	14.3594218226688	5673	"38.848441"	"-77.051516"	0	0	0	0	0	1	2	0	0	0	0	0	0	0	0	0	0	0	0	0	0	0	0	0	1	0	0	0	0	0	11	0	0	4	0	11	0	0	0	0	0	0	0	0	0	1	0	0	0	0	0	0	0	0	0	0	0	0	0	0	0	0	0	0	1	0	0
"28th St S & S Meade St"	25.6621961441743	1193	"38.846222"	"-77.069275"	0	1	0	0	0	1	1	0	2	0	2	0	0	0	0	0	0	0	0	0	0	0	0	0	2	0	0	0	0	0	6	0	1	0	0	4	1	0	0	0	1	0	0	0	0	0	0	1	0	0	1	0	0	0	1	0	0	0	0	0	0	1	0	0	0	0	0
"3000 Connecticut Ave NW / National Zoo"	18.7297885196375	8275	"38.930282"	"-77.055599"	1	0	0	2	2	1	2	0	2	0	0	0	0	0	0	0	0	1	0	0	1	0	0	0	1	0	0	15	0	0	1	0	9	0	0	0	0	0	0	0	0	0	0	0	0	0	0	1	0	0	0	0	0	0	0	0	0	0	0	0	0	0	0	0	0	0	0
"34th St & Minnesota Ave SE"	16.72	100	"38.884085"	"-76.957461"	0	0	0	0	0	0	0	0	0	0	0	0	0	0	0	0	0	0	1	0	0	0	0	0	0	0	0	0	0	0	0	0	0	0	0	0	0	0	0	1	0	0	0	0	0	0	0	0	0	0	0	0	0	0	0	0	0	0	0	0	0	0	0	0	0	0	0
"34th St & Wisconsin Ave NW"	17.4945143162965	7474	"38.916442"	"-77.0682"	0	1	0	0	0	1	2	0	0	0	1	0	0	0	0	1	0	0	0	0	0	0	0	0	0	1	0	0	0	0	0	4	2	0	0	9	0	0	0	0	0	0	0	0	0	0	0	0	0	0	0	0	0	0	0	0	0	0	0	0	0	0	0	0	1	0	0
"36th & Calvert St NW / Glover Park"	19.1485725018783	5324	"38.922581"	"-77.070334"	0	0	0	0	0	2	0	0	0	0	1	0	0	0	0	0	0	0	0	0	0	1	1	0	3	0	0	0	0	0	0	0	2	0	0	4	0	0	0	0	0	0	0	0	0	0	0	0	0	0	0	0	0	0	0	0	0	0	0	0	0	1	0	0	0	0	0
"37th & O St NW / Georgetown University"	21.7802105263158	14250	"38.90774"	"-77.071652"	0	0	0	0	2	1	0	0	1	0	0	0	0	0	0	0	0	0	2	0	0	0	1	0	2	3	0	0	1	0	0	0	3	0	7	1	1	0	0	0	0	0	0	0	0	0	0	0	0	0	0	0	0	1	0	0	0	0	0	0	0	0	0	1	0	0	0
"39th & Calvert St NW / Stoddert"	18.2793359325871	7951	"38.922649"	"-77.077271"	0	0	0	0	0	1	0	0	0	0	0	0	0	0	0	0	0	0	0	0	0	0	0	0	0	1	0	0	0	0	0	0	0	0	0	0	0	0	0	1	0	0	0	0	0	0	0	0	0	0	0	0	0	0	0	0	0	0	0	0	0	0	0	0	0	0	0
"39th & Veazey St NW"	13.1202708084429	5022	"38.943837"	"-77.077078"	0	1	0	0	0	1	0	1	0	0	2	0	1	0	0	0	0	0	0	0	0	0	0	0	4	0	0	0	0	0	0	0	2	0	0	9	0	0	0	0	0	0	0	0	0	0	0	0	0	0	0	0	0	2	0	0	0	0	0	0	0	0	0	0	0	0	0
"3rd & D St SE"	14.137253408485	13129	"38.8851"	"-77.0023"	0	2	0	1	0	1	0	0	0	0	1	0	0	0	0	0	0	0	2	0	0	0	1	0	1	2	0	1	0	0	1	0	22	0	19	11	0	0	0	0	0	0	0	0	0	3	0	1	0	0	0	0	0	1	0	0	0	0	0	0	0	0	3	0	1	0	0
"3rd & Elm St NW"	13.3712954703142	10089	"38.917622"	"-77.01597"	0	0	0	0	0	0	0	0	1	0	0	0	0	0	0	0	0	0	1	0	0	0	0	0	0	0	0	0	0	0	0	0	4	0	0	1	0	1	0	0	0	0	0	0	0	0	0	0	0	0	0	0	0	2	0	0	0	0	0	0	0	0	0	0	0	0	0
"3rd & G St SE"	11.5978250409008	10391	"38.881185"	"-77.001828"	0	0	0	2	0	1	0	0	2	0	0	0	0	0	0	0	0	0	1	0	1	0	0	0	0	3	0	0	0	0	0	0	8	2	23	9	0	0	0	0	0	2	0	0	0	0	0	0	0	0	0	0	0	0	0	0	0	0	0	0	0	0	0	0	0	0	0
"3rd & H St NE"	12.2180425614426	20629	"38.900412"	"-77.001949"	0	1	1	0	0	1	1	0	0	0	0	0	0	0	0	0	0	1	1	0	1	0	0	0	3	0	0	0	0	0	1	3	98	0	24	2	0	0	0	0	0	0	0	0	1	0	0	1	1	2	0	0	0	0	1	0	0	1	0	0	0	0	0	0	0	0	0
"3rd & H St NW"	13.061752433936	10785	"38.899408"	"-77.015289"	0	0	0	0	0	1	0	0	0	0	2	0	0	1	0	1	0	1	1	0	0	0	0	0	1	1	0	0	0	0	0	2	72	1	9	30	0	0	0	0	0	0	0	1	0	0	0	1	0	0	0	0	0	0	0	0	0	0	0	0	0	0	0	0	0	0	0
"3rd St & Pennsylvania Ave SE"	17.7925834496082	18634	"38.887378"	"-77.001955"	0	6	1	1	0	0	1	0	0	0	3	0	0	1	0	0	0	0	2	0	1	1	1	0	6	0	0	1	0	0	2	2	49	0	16	18	0	0	0	0	0	0	0	0	0	3	0	2	0	0	0	0	0	1	0	0	0	0	0	0	0	0	3	0	2	0	0
"4th & D St NW / Judiciary Square"	14.1234747565208	8933	"38.895344"	"-77.016106"	0	0	0	0	0	1	0	0	1	0	0	0	0	0	0	0	0	0	1	0	0	0	0	0	1	0	0	0	2	0	0	4	33	1	4	18	0	2	0	0	0	0	0	0	0	3	2	0	0	0	0	0	0	0	0	0	0	0	0	0	0	0	3	2	0	0	0
"4th & E St SW"	15.7796029307492	16924	"38.88412"	"-77.017445"	0	0	0	0	0	1	1	1	0	0	3	0	0	0	0	0	0	0	2	1	0	0	0	0	1	0	0	0	0	0	0	0	4	5	2	7	0	0	0	0	0	0	0	0	0	4	1	0	0	0	0	0	0	0	0	0	1	0	0	0	0	0	4	0	2	0	0
"4th & East Capitol St NE"	13.9447822914133	16444	"38.889955"	"-77.000349"	0	0	0	0	0	1	0	1	0	0	0	0	0	0	0	0	0	0	3	0	0	0	0	0	0	0	1	0	0	0	0	1	58	0	0	7	0	0	0	0	0	0	0	0	0	0	0	0	0	0	0	0	0	1	0	0	0	0	0	0	0	0	0	0	3	0	1
"4th & M St SW"	16.4281366075113	19384	"38.8767"	"-77.0178"	0	0	0	0	0	1	1	0	0	0	2	0	0	0	0	0	0	1	0	0	0	0	0	0	2	1	0	0	0	0	1	1	9	0	0	9	0	0	0	0	0	0	0	0	0	1	0	0	0	0	0	0	0	0	1	0	0	0	0	0	0	1	1	0	0	0	0
"4th & W St NE"	16.2418358340688	4532	"38.919077"	"-77.000648"	0	0	0	0	0	1	0	0	0	0	0	0	0	0	0	0	0	0	1	0	0	0	0	0	0	0	0	0	0	0	0	0	5	0	0	5	0	0	0	1	0	0	0	0	0	0	0	3	0	0	0	0	0	1	0	0	0	0	0	0	0	1	0	0	0	0	0
"5th & F St NW"	16.4648512555489	15093	"38.897222"	"-77.019347"	0	1	0	0	1	1	1	0	1	0	10	0	0	1	1	3	0	0	2	0	0	0	2	0	6	0	1	0	0	0	0	5	50	0	2	22	0	2	0	0	1	0	0	2	0	3	1	0	0	0	0	0	0	1	0	0	0	0	0	0	0	0	3	0	0	0	1
"5th & K St NW"	14.7725436934844	27979	"38.90304"	"-77.019027"	0	2	1	0	2	2	2	0	0	0	1	0	0	0	2	1	0	0	0	0	0	0	0	0	6	0	1	4	0	0	0	0	51	0	4	27	0	0	0	0	1	0	0	0	0	0	0	1	0	0	0	0	0	0	1	0	0	0	0	0	0	1	0	1	1	0	0
"5th & Kennedy St NW"	20.9069239500568	1762	"38.956595"	"-77.019815"	0	0	0	0	0	0	0	0	0	0	0	0	0	3	0	0	0	0	0	0	1	0	0	0	0	0	0	0	0	0	0	0	1	0	0	9	0	0	0	0	0	0	0	0	0	0	0	2	0	0	0	0	0	1	0	0	0	0	0	0	0	0	0	0	0	0	0
"5th St & Massachusetts Ave NW"	12.8151716084908	23979	"38.90093"	"-77.018677"	0	0	1	0	0	0	4	0	0	0	3	0	0	0	0	1	0	1	2	0	0	0	2	0	15	0	0	1	0	0	0	3	54	0	3	25	0	0	0	0	0	0	0	1	0	0	0	2	0	0	0	0	0	2	0	0	0	0	0	0	0	0	0	1	1	0	0
"6th & H St NE"	12.434708513811	14083	"38.899972"	"-76.998347"	1	0	1	0	0	1	2	0	0	0	2	0	0	1	0	0	0	1	3	0	1	0	0	0	6	2	0	0	0	0	1	2	118	0	23	1	0	0	0	1	1	1	0	0	1	0	0	1	1	1	2	0	0	0	1	0	0	5	0	0	0	0	0	0	0	0	0
"6th & Water St SW / SW Waterfront"	18.6172756356289	5939	"38.87675"	"-77.02127"	0	0	0	0	0	0	0	0	0	0	0	0	0	0	0	1	0	0	0	0	0	0	0	0	2	0	0	0	0	0	3	2	1	0	0	11	0	0	0	0	0	0	0	0	0	0	0	0	0	0	0	0	0	0	0	0	0	0	0	0	0	0	0	0	0	0	0
"6th St & Indiana Ave NW"	21.1542990310315	16306	"38.894573"	"-77.01994"	0	4	0	0	0	0	7	0	0	0	6	0	0	1	0	0	0	0	1	1	0	0	1	0	11	2	2	0	3	0	0	4	91	0	2	51	0	2	0	4	0	0	1	0	0	2	0	0	0	0	0	0	1	0	0	0	1	0	0	0	1	0	2	4	0	1	1
"7th & F St NW / National Portrait Gallery"	21.6051901103867	15491	"38.897351"	"-77.022465"	0	3	4	0	2	2	5	0	0	0	13	0	0	0	0	3	0	1	1	0	1	0	4	0	18	0	2	0	1	0	0	3	56	0	2	18	0	0	0	0	1	0	0	1	0	5	2	0	0	1	0	0	1	0	0	1	0	0	0	2	0	0	5	2	3	0	4
"7th & R St NW / Shaw Library"	11.2367333365005	21049	"38.912719"	"-77.022155"	0	0	0	0	0	1	0	0	0	0	0	0	0	0	0	0	0	0	2	0	2	0	0	0	2	2	0	0	0	0	0	0	22	0	7	43	0	0	0	1	1	0	0	0	0	1	2	1	0	0	0	0	0	3	0	0	0	1	0	0	0	0	1	0	0	0	0
"7th & T St NW"	11.8174549000488	20510	"38.9155"	"-77.0222"	0	1	4	0	1	1	1	0	0	0	1	0	0	0	1	0	0	0	1	0	2	0	1	0	17	4	0	0	0	0	0	0	2	0	6	34	0	0	0	0	0	0	0	0	0	1	2	4	0	1	0	0	0	1	0	0	0	1	1	0	0	0	1	0	0	0	0
"8th & D St NW"	22.2880718746018	15694	"38.894851"	"-77.02324"	0	5	3	0	0	0	6	0	0	0	5	0	0	1	0	0	0	1	3	0	0	0	2	0	17	3	2	0	5	0	0	4	74	0	1	46	0	1	0	5	0	0	1	0	0	2	1	0	0	1	0	0	1	1	0	1	1	0	0	0	1	0	2	5	0	1	1
"8th & East Capitol St NE"	12.63032351521	10355	"38.889988"	"-76.995193"	0	0	0	0	0	1	0	0	0	0	0	0	0	0	0	0	0	1	3	0	0	0	0	0	0	0	0	0	0	0	0	0	66	0	3	8	0	0	1	0	0	0	0	0	0	0	0	0	0	0	0	0	0	0	0	0	0	0	0	0	0	0	0	0	0	0	0
"8th & Eye St SE / Barracks Row"	14.8934047938068	6717	"38.8792"	"-76.9953"	0	0	0	0	0	1	0	0	0	0	0	0	0	0	0	0	0	0	0	0	0	0	0	0	0	0	0	0	0	0	0	2	0	3	6	2	0	0	0	0	0	0	0	0	0	0	0	0	0	0	0	0	0	1	0	0	0	0	0	0	0	0	0	0	0	0	0
"8th & F St NE"	9.79213023560209	12224	"38.897274"	"-76.994749"	0	0	0	0	0	0	0	0	0	0	0	0	0	1	0	0	0	0	5	0	1	0	0	0	1	3	0	0	0	0	0	0	105	0	15	1	0	0	0	3	0	0	0	0	0	0	0	0	0	0	0	0	0	2	0	0	0	0	0	0	0	0	0	0	0	0	0
"8th & H St NW"	17.8557553213474	29034	"38.8997"	"-77.023086"	0	7	2	0	1	2	4	0	0	0	11	0	0	0	0	3	1	1	3	0	2	0	5	1	25	2	1	1	0	0	0	4	51	0	0	19	0	0	0	0	1	0	2	0	0	5	2	0	0	0	0	0	2	1	0	2	1	1	1	2	0	1	5	3	0	0	0
"9th & Upshur St NW"	18.1069161376545	5986	"38.9418"	"-77.0251"	0	0	1	7	10	1	0	0	1	0	4	0	1	1	0	0	0	0	1	2	0	0	0	0	5	1	0	0	0	0	0	3	33	0	0	29	0	0	0	1	1	0	1	0	0	0	0	0	0	0	3	1	0	4	1	0	1	1	0	0	0	1	0	2	0	0	0
"Adams Mill & Columbia Rd NW"	12.1981729598051	24630	"38.922925"	"-77.042581"	3	5	10	0	1	1	3	0	0	0	9	0	0	0	1	0	0	1	2	0	2	0	2	0	22	2	0	0	0	0	0	5	8	0	0	3	0	0	0	0	0	0	1	0	0	0	0	1	1	0	0	1	0	2	1	0	0	0	1	0	0	1	0	0	1	0	0
"Alabama & MLK Ave SE"	16.9049773755656	221	"38.843222"	"-76.999388"	0	0	0	0	0	0	0	1	1	0	0	0	1	0	0	0	0	0	3	0	0	0	0	0	0	3	0	0	0	0	0	0	0	0	0	1	0	0	0	0	0	0	0	0	0	0	0	0	0	0	0	0	0	1	0	0	0	0	0	0	0	0	0	0	0	0	0
"Anacostia Ave & Benning Rd NE / River Terrace"	26.7347140039448	1014	"38.896544"	"-76.96012"	0	0	0	0	0	1	0	0	1	0	0	0	0	0	0	0	0	0	0	0	0	0	0	0	0	1	0	0	0	0	0	0	0	0	0	0	0	0	0	1	0	0	0	0	0	0	0	0	0	0	0	0	0	0	0	0	0	0	0	0	0	0	0	0	0	0	0
"Anacostia Library"	16.4420600858369	466	"38.865784"	"-76.9784"	0	0	0	0	0	1	0	0	0	0	0	0	0	0	0	0	0	0	0	0	0	0	0	0	0	0	0	0	0	0	0	0	0	0	0	0	0	0	0	0	0	0	0	0	0	0	0	0	0	0	0	0	0	0	0	0	0	0	0	0	0	0	0	0	0	0	0
"Anacostia Metro"	10.1094407696933	1663	"38.862669"	"-76.994637"	0	0	0	0	0	1	0	0	0	0	0	0	0	0	0	0	0	0	0	0	0	0	0	0	0	0	0	0	0	0	0	0	0	3	0	2	1	0	0	0	0	0	0	0	14	1	0	0	0	0	0	0	0	0	0	0	0	0	0	0	0	1	1	0	0	0	0
"Arlington Blvd & N Queen St"	13.125786163522	2385	"38.889365"	"-77.077294"	0	0	0	0	0	1	0	0	0	0	0	0	0	0	0	0	0	0	0	0	0	0	0	1	0	0	0	0	0	0	0	2	9	0	1	7	1	0	0	0	0	0	0	0	0	0	0	0	0	0	0	0	0	0	0	0	0	0	0	0	0	0	0	0	0	0	0
"Aurora Hills Community Ctr/18th & Hayes St"	10.5061598028863	2841	"38.857866"	"-77.05949"	0	0	0	0	1	1	0	0	2	0	0	0	0	0	0	0	0	0	0	0	0	0	0	1	0	0	0	2	0	0	11	0	1	0	0	5	0	0	0	0	0	0	0	0	0	0	0	0	0	0	0	0	0	0	0	0	0	0	0	0	0	0	0	0	0	0	0
"Ballston Metro / N Stuart & 9th St N"	14.2581477457903	7364	"38.881044"	"-77.111768"	1	8	1	0	0	1	4	0	0	0	6	2	0	0	0	0	1	1	1	0	2	0	2	0	14	0	0	0	0	0	19	2	13	0	1	21	1	1	0	0	2	0	5	0	0	1	2	0	0	0	0	0	0	3	0	0	0	1	0	0	0	0	1	0	1	1	0
"Barton St & 10th St N"	15.3529661016949	2360	"38.884961"	"-77.08777"	0	0	0	0	0	1	0	0	0	0	0	0	0	0	0	0	0	0	0	0	0	0	0	0	0	0	0	0	0	0	0	1	14	0	1	5	0	0	0	0	0	0	0	0	0	0	0	0	0	0	0	0	0	0	0	0	0	0	0	0	0	0	0	0	0	0	0
"Benning Branch Library"	10.8627450980392	204	"38.894"	"-76.947974"	0	1	0	0	0	1	0	0	0	0	2	0	0	1	0	0	0	0	0	0	0	2	0	0	1	0	1	0	0	0	0	0	0	0	0	0	0	0	0	0	0	0	0	0	0	0	0	1	0	0	2	0	2	1	0	0	0	1	1	1	0	1	0	0	0	0	0
"Benning Rd & East Capitol St NE / Benning Rd Metro"	21.2515527950311	322	"38.889935"	"-76.93723"	0	1	0	0	0	1	0	0	0	0	0	0	0	0	0	0	0	0	0	0	1	0	0	0	0	0	0	0	0	0	0	0	0	0	0	4	0	0	0	0	0	0	0	0	0	1	0	1	0	0	0	0	0	0	0	0	0	0	0	0	0	0	1	0	0	0	0
"Bethesda Ave & Arlington Rd"	33.949066874028	2572	"38.981103"	"-77.097426"	2	1	0	1	2	0	5	0	3	0	12	1	0	0	0	2	2	0	0	0	0	1	3	0	18	0	0	0	0	0	0	6	4	0	0	25	1	1	0	0	1	0	0	1	0	0	0	1	0	3	0	1	13	0	2	0	1	3	0	0	1	0	0	0	0	1	0
"Bladensburg Rd & Benning Rd NE"	16.3035304906006	6543	"38.900413"	"-76.982872"	0	0	0	0	0	1	0	0	0	0	1	0	0	1	0	0	0	0	1	0	0	0	1	0	2	0	0	0	0	0	0	0	30	0	0	6	0	0	0	0	0	0	0	0	1	0	0	2	0	0	1	0	2	2	0	0	0	1	0	0	0	0	0	0	0	0	0
"Braddock Rd Metro"	10.8339331619537	7780	"38.814577"	"-77.052808"	1	0	0	0	0	1	0	0	0	0	0	0	0	0	0	1	0	0	0	0	0	0	0	0	0	1	0	0	0	0	0	5	4	0	0	16	0	0	0	0	0	0	0	1	0	1	1	0	0	0	0	0	0	0	0	0	0	0	0	0	0	0	1	0	0	0	0
"Branch & Pennsylvania Ave SE"	27.3935483870968	155	"38.8692"	"-76.9599"	0	1	0	0	0	1	0	1	0	0	2	0	0	0	0	0	0	1	2	1	0	0	0	0	0	0	0	0	0	0	0	0	0	0	0	0	0	0	0	0	0	0	0	0	0	0	0	1	0	0	0	0	0	1	1	0	0	2	0	0	0	0	0	0	0	0	0
"C & O Canal & Wisconsin Ave NW"	28.0819761457892	16517	"38.90375"	"-77.06269"	0	3	1	11	0	1	5	0	0	1	7	0	0	0	1	5	0	0	0	0	0	0	3	0	19	1	1	0	0	1	0	7	20	0	1	9	0	0	1	1	1	1	0	0	0	0	0	1	0	0	0	0	20	0	0	1	1	3	0	5	0	0	0	0	2	0	1
"California St & Florida Ave NW"	11.565708200213	18780	"38.917761"	"-77.04062"	0	0	3	0	0	2	3	1	0	0	0	0	0	0	0	0	0	0	0	0	1	0	1	0	10	2	0	0	0	0	0	0	3	0	0	4	0	0	0	0	1	0	0	0	0	0	0	2	0	0	0	0	2	2	0	0	0	1	0	0	0	0	0	0	0	0	0
"Calvert & Biltmore St NW"	16.4463583344636	7373	"38.923203"	"-77.047637"	0	0	0	0	0	0	0	0	0	0	0	0	0	0	0	0	0	0	0	0	0	0	0	0	1	0	0	0	0	0	1	0	7	0	0	1	0	0	0	0	0	0	0	0	0	0	0	0	0	0	0	0	0	0	0	0	0	0	0	0	0	0	0	0	0	0	0
"Central Library / N Quincy St & 10th St N"	13.7949066213922	2945	"38.88397"	"-77.10783"	0	0	1	0	0	2	1	0	2	0	0	0	0	0	0	1	1	0	0	0	0	0	0	0	2	0	0	0	0	0	7	0	9	0	3	22	0	0	0	0	0	0	1	0	0	0	0	0	0	0	0	0	0	3	0	0	0	0	0	0	0	0	0	0	0	0	0
"Clarendon Blvd & N Fillmore St"	13.4851326623971	4372	"38.8881"	"-77.09308"	0	2	2	0	4	3	3	0	0	0	1	3	0	0	0	3	0	1	1	0	0	0	2	0	17	1	0	0	0	0	0	4	36	0	0	23	0	0	0	0	0	0	0	1	0	1	1	0	0	1	1	1	2	0	0	0	0	0	1	1	0	1	1	0	0	0	0
"Clarendon Blvd & Pierce St"	18.7889888133363	4559	"38.893648"	"-77.076701"	0	0	0	1	0	1	1	0	0	0	3	0	0	0	0	4	0	1	0	0	0	0	0	0	9	0	0	3	0	0	0	5	43	0	3	22	0	0	0	0	0	0	0	2	0	0	0	0	0	0	0	0	0	1	1	0	0	0	0	0	0	1	0	1	1	0	0
"Clarendon Metro / Wilson Blvd & N Highland St"	12.7071344685849	6812	"38.88786"	"-77.094875"	1	4	3	0	5	2	1	0	0	0	0	2	0	0	1	2	0	1	2	0	0	0	2	0	21	1	0	0	0	0	0	1	31	0	0	26	0	0	0	0	0	0	0	1	0	1	1	0	0	0	1	0	1	0	0	0	0	0	1	2	0	1	1	0	0	0	0
"Columbia Pike & S Courthouse Rd"	22.9278406031233	1857	"38.863833"	"-77.080319"	0	0	0	0	0	1	0	0	0	0	0	2	2	0	0	0	0	0	0	0	0	0	0	0	0	0	0	0	0	0	0	0	2	0	0	17	0	0	0	0	0	0	0	0	0	0	0	0	0	0	0	0	0	0	0	0	0	0	0	0	0	0	0	0	0	0	0
"Columbia Pike & S Dinwiddie St / Arlington Mill Community Center"	34.3779069767442	688	"38.856319"	"-77.11153"	0	0	0	0	0	0	0	0	0	0	1	0	0	0	0	0	0	1	0	0	0	0	0	0	0	0	0	0	0	0	0	0	18	0	0	17	0	0	0	0	0	0	0	0	0	0	0	0	0	0	0	0	0	2	0	0	0	0	0	0	0	0	0	0	0	3	0
"Columbia Pike & S Orme St"	30.1708413615928	1557	"38.867262"	"-77.072315"	0	0	0	1	0	0	0	0	0	0	0	0	0	0	0	0	0	0	0	0	0	0	0	0	1	0	0	0	0	0	0	0	14	0	0	3	0	0	0	0	0	0	0	0	0	0	0	0	0	0	0	0	0	0	0	0	0	1	0	0	0	0	0	0	0	0	0
"Columbia Pike & S Walter Reed Dr"	20.3457943925234	1712	"38.862478"	"-77.086599"	0	0	0	5	2	0	0	0	1	0	0	1	1	0	1	0	0	1	0	0	0	0	4	1	4	0	0	2	0	0	0	0	6	0	0	20	0	0	0	0	0	0	0	0	0	0	0	0	0	0	0	0	0	0	0	0	0	0	0	0	0	0	0	1	0	0	0
"Columbia Rd & Belmont St NW"	11.9350078047396	14094	"38.920669"	"-77.04368"	1	2	20	0	2	1	4	0	1	0	9	0	0	0	2	1	0	0	0	0	1	1	4	0	26	2	0	0	0	0	0	2	0	0	0	1	0	0	0	0	0	0	0	0	0	0	0	0	0	0	0	2	1	2	0	0	0	0	0	0	0	2	0	0	1	0	0
"Columbia Rd & Georgia Ave NW"	13.3956672443674	11540	"38.928156"	"-77.02344"	0	0	1	0	2	1	2	0	0	0	1	0	0	0	0	0	0	0	1	0	0	0	0	0	2	0	0	0	0	0	0	0	1	0	0	18	0	0	0	0	1	0	1	0	0	0	0	1	0	0	5	0	0	3	0	0	0	1	0	0	0	0	0	0	0	0	0
"Columbus Circle / Union Station"	12.9594820739732	70512	"38.89696"	"-77.00493"	0	0	0	0	0	1	3	0	1	0	1	0	1	0	0	0	0	0	0	0	0	1	0	0	5	1	0	0	9	0	0	5	55	0	16	8	0	0	0	3	0	0	0	0	0	0	0	0	0	0	0	0	0	0	0	0	0	0	0	0	0	0	0	9	0	1	0
"Commerce St & Fayette St"	16.3531763660595	2251	"38.805648"	"-77.05293"	0	0	0	0	0	2	1	1	0	0	1	0	0	0	0	0	0	0	2	0	0	1	2	0	1	1	0	0	0	0	0	0	0	0	0	35	0	0	0	0	0	0	0	0	0	0	0	0	0	0	0	0	0	1	4	0	0	1	1	0	0	0	0	0	0	0	0
"Congress Heights Metro"	11.943661971831	355	"38.844711"	"-76.987823"	0	0	0	0	0	1	0	0	0	0	0	0	0	0	0	0	0	0	0	0	0	0	0	0	0	1	0	0	0	0	0	0	0	0	0	2	0	0	0	1	0	0	0	0	0	1	0	0	0	0	0	0	0	0	0	0	0	0	0	0	0	0	1	0	0	0	0
"Connecticut & Nebraska Ave NW"	16.0514705882353	5168	"38.955016"	"-77.069956"	1	0	0	0	2	1	3	1	0	0	1	0	1	0	0	0	0	0	1	0	0	0	1	0	3	2	0	0	0	0	0	0	2	0	0	21	1	0	0	1	0	0	1	0	0	0	0	1	0	0	1	1	0	0	1	0	0	1	0	0	0	0	0	0	0	0	0
"Connecticut Ave & Newark St NW / Cleveland Park"	17.8287097618425	7642	"38.934267"	"-77.057979"	0	2	0	0	0	1	1	0	0	0	0	0	0	0	0	0	0	0	0	0	2	0	3	0	15	0	0	0	0	0	0	0	0	0	0	2	0	0	0	0	0	0	0	0	0	1	0	1	0	0	0	0	0	0	0	0	0	0	0	0	0	1	1	0	0	0	0
"Constitution Ave & 2nd St NW/DOL"	27.2270013970619	23621	"38.892275"	"-77.013917"	0	0	0	0	0	0	0	0	0	0	0	0	0	1	0	0	0	0	0	1	0	1	0	0	4	0	0	0	1	0	0	1	80	3	0	51	0	1	0	1	0	0	0	0	0	0	0	0	0	0	0	0	0	0	0	0	0	0	0	0	0	0	0	1	0	0	0
"Convention Center / 7th & M St NW"	10.9745919881306	21568	"38.90572"	"-77.022264"	0	1	2	0	1	1	2	0	0	0	2	0	0	1	1	0	0	0	5	0	2	0	1	0	3	2	0	1	0	0	0	4	22	0	2	19	0	0	0	0	0	0	0	0	0	1	0	1	0	0	0	0	0	0	0	0	0	0	0	0	0	0	1	0	0	0	0
"Cordell & Norfolk Ave"	11.6036892118502	1789	"38.98954"	"-77.098029"	0	2	2	4	0	0	2	0	0	0	5	1	0	0	0	1	2	0	0	0	2	0	4	0	11	1	1	0	0	0	0	1	3	0	0	16	0	0	0	0	0	0	0	0	0	0	0	0	0	0	0	0	0	1	0	0	0	0	0	0	1	0	0	0	1	0	0
"Crystal City Metro / 18th & Bell St"	11.5532556270096	9952	"38.857063"	"-77.051141"	0	0	1	0	0	2	1	0	0	0	0	0	0	0	0	1	0	0	0	0	0	1	0	0	4	0	0	0	0	0	15	0	0	1	0	14	0	0	0	0	0	0	0	0	0	1	1	0	0	0	0	0	0	0	0	0	0	0	0	0	0	0	1	0	3	0	0
"D St & Maryland Ave NE"	11.4282892640968	15695	"38.894758"	"-76.997114"	0	0	0	0	0	1	0	0	0	0	0	0	0	0	0	0	0	0	4	0	0	0	0	0	1	0	0	0	0	0	0	0	95	0	13	2	0	0	0	0	0	0	0	0	0	0	0	0	0	0	0	0	0	0	0	0	0	0	0	0	0	0	0	0	0	0	0
"E Montgomery Ave & Maryland Ave"	27.4140625	384	"39.084125"	"-77.151291"	0	0	1	0	0	0	0	0	0	0	0	0	0	0	0	0	0	0	0	2	0	0	0	0	5	1	0	0	0	0	0	0	5	0	0	7	0	0	0	0	0	0	0	0	0	0	0	0	0	0	0	0	0	0	0	0	0	0	0	0	0	0	0	0	0	0	0
"Eastern Market / 7th & North Carolina Ave SE"	14.1270411701658	15861	"38.886952"	"-76.996806"	0	2	0	0	0	1	2	0	1	0	1	0	0	0	0	1	0	0	0	0	0	1	0	0	4	1	0	0	1	0	0	0	24	0	0	12	0	0	0	0	0	0	0	0	0	3	0	2	0	0	0	1	0	0	0	0	0	0	0	0	0	0	3	1	0	0	0
"Eastern Market Metro / Pennsylvania Ave & 7th St SE"	13.8600517853147	31283	"38.884"	"-76.995397"	0	1	0	0	0	2	6	0	1	0	2	0	0	1	0	0	0	1	2	0	0	1	1	0	6	1	0	0	0	0	0	2	1	0	11	6	0	0	0	0	0	0	0	0	0	4	1	2	0	0	0	0	0	0	0	0	0	0	0	0	0	0	4	0	0	0	0
"Eckington Pl & Q St NE"	14.3331009759012	10042	"38.910972"	"-77.00495"	0	0	0	0	0	1	0	0	0	0	0	0	0	0	0	0	0	0	0	0	0	0	0	0	0	0	0	0	0	0	0	0	4	0	0	9	0	0	0	0	0	0	0	0	0	0	0	4	0	0	0	0	0	0	0	0	0	0	0	0	0	0	0	0	0	0	0
"Fairfax Dr & Kenmore St"	11.1603967168263	2924	"38.884616"	"-77.10108"	0	0	0	0	0	0	0	0	0	0	3	0	0	0	0	0	0	0	0	0	0	0	0	0	4	1	0	0	0	0	0	1	20	0	1	17	0	0	0	0	0	0	0	0	0	1	1	0	0	0	0	0	0	1	0	0	0	0	0	0	0	0	1	0	0	0	0
"Fairfax Dr & Wilson Blvd"	11.3198299015219	4468	"38.885801"	"-77.097745"	2	1	1	0	2	1	0	0	0	0	0	1	0	0	1	4	2	1	1	0	0	0	1	0	7	1	0	0	0	0	0	0	50	0	0	45	0	0	0	0	0	0	0	0	0	0	0	0	0	0	0	0	0	0	0	0	0	0	0	1	0	0	0	0	0	0	0
"Fairfax Village"	29.5396825396825	63	"38.86559"	"-76.952103"	0	0	0	0	0	1	0	1	0	0	3	0	0	0	0	0	0	0	0	0	0	1	0	0	0	0	0	0	0	0	0	0	0	0	0	1	1	0	0	0	0	0	0	0	0	0	0	1	0	0	0	0	0	3	1	0	0	3	0	0	0	0	0	0	0	0	0
"Fallsgrove Blvd & Fallsgrove Dr"	49	236	"39.096312"	"-77.192672"	0	0	0	0	0	0	0	0	0	0	0	0	0	0	0	0	0	0	0	0	0	0	0	0	6	0	0	0	0	0	29	0	2	0	0	0	0	0	0	0	0	0	0	0	0	0	0	1	0	0	0	0	0	0	0	0	0	0	0	0	0	1	0	0	0	0	0
"Fenton St & New York Ave"	11.0975177304965	1692	"38.985404"	"-77.023082"	0	0	0	0	0	0	0	0	0	0	0	0	0	0	0	0	0	0	0	0	0	0	0	0	0	1	0	0	0	0	0	0	0	0	1	2	0	0	0	0	0	0	0	0	0	0	0	0	0	0	0	0	0	0	0	0	0	0	0	0	0	0	0	0	0	0	0
"Fessenden St & Wisconsin Ave NW"	17.8282532239156	1706	"38.954812"	"-77.082426"	0	1	1	0	0	1	0	0	0	0	1	0	1	0	0	0	0	0	1	0	2	0	1	0	4	0	0	0	0	0	0	0	1	0	0	13	0	0	0	0	0	0	0	0	0	3	0	0	0	0	0	0	0	0	0	0	0	0	0	0	0	1	3	0	0	0	0
"Florida Ave & R St NW"	13.1410007757952	15468	"38.9126"	"-77.0135"	0	0	0	0	1	2	1	0	1	0	0	0	0	1	0	0	0	0	3	0	1	0	0	0	1	0	0	1	0	0	0	0	3	0	1	9	0	0	0	0	0	0	1	0	0	0	0	1	0	0	0	0	0	1	0	0	1	0	0	0	0	0	0	0	0	0	0
"Frederick Ave & Horners Ln"	8.78921568627451	204	"39.094772"	"-77.145213"	0	0	0	0	0	0	0	0	0	0	0	0	0	0	0	0	0	0	1	0	0	0	0	0	0	0	0	0	0	0	0	0	0	1	0	5	0	0	0	2	0	0	0	0	0	0	0	0	0	0	0	0	0	0	0	0	0	0	0	0	0	0	0	0	0	0	0
"Gallaudet / 8th St & Florida Ave NE"	13.7439391765887	6971	"38.90509"	"-76.9941"	1	0	0	0	0	1	0	0	0	0	1	0	0	0	0	0	0	0	0	0	0	1	1	0	0	0	1	0	2	0	0	1	45	0	8	4	0	0	0	0	0	0	0	0	1	0	0	1	0	0	0	0	0	0	0	0	0	0	0	0	0	0	0	3	0	0	0
"George Mason Dr & Wilson Blvd"	19.360153256705	2349	"38.87887"	"-77.1207"	0	0	0	0	0	1	0	0	0	0	1	0	1	0	0	0	0	0	0	0	0	0	0	0	2	0	0	0	0	0	0	0	6	0	0	4	0	0	0	0	0	0	0	0	0	0	0	0	0	0	0	0	0	0	0	0	0	0	0	0	0	0	0	0	0	0	0
"Georgetown Harbor / 30th St NW"	28.9648921384978	16549	"38.9022212"	"-77.059219"	0	1	0	2	2	1	4	0	0	2	0	1	0	0	0	3	0	0	0	0	0	0	0	0	6	0	0	0	0	2	0	1	1	0	0	5	0	0	0	0	0	0	0	0	0	3	0	0	0	0	0	0	0	0	0	0	0	0	0	0	0	0	3	0	1	0	0
"Georgia & New Hampshire Ave NW"	14.3206118785608	12813	"38.936043"	"-77.024649"	0	0	0	0	3	2	2	0	0	0	1	0	0	1	0	0	0	1	0	0	1	0	3	0	5	1	0	0	0	0	0	2	12	0	0	18	0	0	0	0	0	0	0	0	0	1	0	1	0	0	1	0	0	4	0	0	0	1	0	0	0	0	1	1	0	0	0
"Georgia Ave & Emerson St NW"	17.4485235434956	2506	"38.949662"	"-77.027333"	0	1	0	1	0	0	0	0	0	0	0	0	0	0	0	0	0	0	2	0	0	0	0	0	0	0	0	0	0	0	0	1	8	0	0	22	0	0	0	0	0	0	0	0	0	0	0	0	0	0	0	0	0	0	0	0	0	0	0	0	0	0	0	1	0	0	0
"Georgia Ave and Fairmont St NW"	14.2284597619471	5629	"38.9249"	"-77.0222"	0	0	2	0	2	1	0	0	0	0	1	0	0	1	0	0	0	0	0	0	1	0	0	0	4	1	2	0	0	0	0	1	0	0	0	14	0	0	0	1	2	0	0	0	0	0	0	0	1	0	0	0	1	1	0	0	0	5	0	0	0	0	0	0	0	1	0
"Glebe Rd & 11th St N"	14.9033550325488	1997	"38.883921"	"-77.116817"	0	4	0	0	0	2	0	0	0	0	0	0	1	0	0	2	0	0	1	0	0	0	0	0	6	0	0	0	0	0	1	1	17	0	3	16	0	0	0	0	1	0	2	0	0	0	0	0	0	0	0	0	0	0	0	0	0	0	0	0	0	0	0	0	0	0	0
"Good Hope & Naylor Rd SE"	32.2125984251969	254	"38.8601"	"-76.9672"	0	3	0	0	0	1	1	0	0	0	4	0	2	0	0	0	0	0	0	1	0	1	0	0	0	0	0	0	0	0	0	0	0	0	0	0	0	0	0	0	0	0	0	0	0	0	0	0	0	0	0	0	2	0	0	2	0	0	0	2	0	1	0	0	0	0	0
"Good Hope Rd & 14th St SE"	13.3034782608696	1150	"38.866611"	"-76.985238"	0	1	0	0	0	1	0	0	0	0	0	0	0	1	0	0	0	0	6	0	0	0	0	0	0	1	0	0	0	0	0	0	0	0	0	0	0	0	0	0	0	0	0	0	0	0	0	0	0	0	0	0	0	1	0	0	0	0	0	0	0	1	0	0	0	0	0
"Good Hope Rd & MLK Ave SE"	15.4162724692526	1057	"38.867373"	"-76.988039"	0	1	0	0	0	1	0	1	0	0	0	0	0	2	0	0	0	0	4	0	0	0	0	0	0	0	0	0	0	0	0	0	0	3	0	0	0	0	0	0	0	0	0	0	14	0	0	0	0	0	0	0	0	1	0	0	0	0	0	0	0	0	0	0	0	0	0
"Hamlin & 7th St NE"	15.012351326624	2186	"38.927497"	"-76.997194"	0	0	0	0	0	0	0	0	0	0	0	0	0	1	0	0	0	0	0	0	0	0	0	0	0	0	0	0	0	0	0	0	0	0	0	0	0	0	0	0	0	0	0	0	0	0	0	0	0	0	0	0	0	1	0	0	0	0	0	0	0	0	0	0	0	0	0
"Harvard St & Adams Mill Rd NW"	27.1034482758621	4843	"38.927872"	"-77.043358"	0	0	0	1	0	1	0	0	1	0	0	0	0	0	0	1	0	0	0	0	0	0	0	0	0	0	0	0	0	0	0	0	15	0	1	2	0	0	0	0	0	0	0	0	0	0	0	0	0	0	0	0	0	0	0	0	0	0	0	0	0	0	0	0	0	0	0
"Henry St & Pendleton St"	20.2822252374491	1474	"38.811456"	"-77.050276"	0	0	0	0	1	2	1	0	0	0	1	0	1	0	0	0	0	0	2	0	1	1	0	0	1	1	0	0	0	0	0	0	0	0	0	26	0	0	0	0	1	0	0	0	0	0	0	0	0	0	0	0	0	0	0	0	0	1	0	0	0	0	0	0	0	0	0
"Independence Ave & L'Enfant Plaza SW/DOE"	25.1092077087794	7472	"38.887312"	"-77.025762"	0	0	0	0	0	0	0	0	1	0	0	0	0	0	0	0	0	0	0	0	0	0	0	0	0	1	0	0	1	0	0	5	26	0	1	11	0	0	0	3	0	0	0	0	0	3	0	0	0	0	0	0	0	0	0	0	0	0	0	0	0	0	3	2	0	0	0
"Jefferson Dr & 14th St SW"	37.6434349183353	57981	"38.888553"	"-77.032429"	0	0	0	0	0	2	0	0	0	0	0	0	0	0	0	0	0	0	0	0	0	0	0	0	0	0	0	0	0	0	0	1	36	0	0	22	0	0	0	0	0	1	0	0	0	0	0	0	0	0	0	0	0	0	0	0	0	0	0	0	0	0	0	0	0	0	1
"Jefferson Memorial"	29.4215612133434	35703	"38.879819"	"-77.037413"	0	0	0	0	0	1	0	0	1	0	0	0	0	0	0	0	0	0	0	0	0	0	0	0	0	0	0	0	1	0	0	3	5	3	0	0	0	1	0	1	0	0	0	0	0	0	0	0	0	0	0	0	0	0	0	0	0	0	0	0	0	0	0	1	0	0	0
"John McCormack Dr & Michigan Ave NE"	21.1217342968316	3598	"38.9346"	"-76.9955"	0	0	0	0	0	1	0	0	0	0	0	0	0	0	0	0	0	0	0	0	0	0	0	0	0	1	0	0	0	0	0	0	2	0	0	4	0	0	0	0	0	0	0	0	0	1	0	0	0	0	0	0	0	0	0	0	0	0	0	0	0	0	1	0	0	0	0
"Kennedy Center"	21.9806065607592	4847	"38.897293"	"-77.05557"	0	0	0	0	0	0	1	0	0	0	0	0	0	0	0	0	1	0	0	0	0	1	0	0	0	0	0	0	1	0	0	1	0	5	0	8	0	0	1	0	0	0	0	0	0	0	0	0	0	0	0	0	0	0	0	0	0	0	0	0	0	0	0	1	0	0	0
"Key Blvd & N Quinn St"	19.9068053749458	2307	"38.896015"	"-77.078107"	0	0	0	1	0	1	1	0	0	0	2	0	0	0	0	0	0	1	0	0	0	0	0	0	4	0	0	3	0	0	0	4	30	1	0	18	0	0	0	0	0	0	0	0	0	0	0	0	0	0	0	0	0	1	0	0	0	0	0	0	0	0	0	0	0	0	0
"King St & Patrick St"	16.4182597231378	3034	"38.805317"	"-77.049883"	0	0	0	0	0	2	2	1	0	0	0	0	0	0	0	0	0	0	1	0	0	0	0	0	1	1	0	0	0	0	0	0	0	0	0	41	0	0	0	0	1	0	0	0	0	0	0	0	0	0	0	0	0	0	0	0	0	3	0	0	0	0	0	0	0	0	0
"King St Metro South"	12.6085141903172	1198	"38.805767"	"-77.06072"	1	1	0	0	0	2	1	0	1	0	2	0	0	0	0	3	1	0	0	0	0	0	0	0	2	0	0	1	0	0	0	6	26	0	0	56	1	0	0	0	0	0	0	1	0	2	3	0	0	0	0	0	0	0	0	0	0	0	0	0	0	1	1	0	1	0	0
"L'Enfant Plaza / 7th & C St SW"	20.9061155039536	19982	"38.886266"	"-77.022241"	0	0	0	0	0	1	3	0	0	0	0	0	0	2	0	0	0	0	0	0	0	0	0	0	0	0	0	0	0	0	0	6	25	0	1	14	0	0	0	1	0	0	0	0	0	6	1	0	0	0	0	0	0	0	0	0	2	1	0	0	0	0	5	0	0	0	0
"Lamont & Mt Pleasant NW"	13.6817464172941	16468	"38.9319"	"-77.0388"	0	0	0	0	0	1	0	0	0	0	0	0	0	0	0	0	0	0	2	0	1	0	2	0	7	3	0	0	0	0	0	0	0	0	6	8	0	0	0	0	0	0	0	0	0	0	0	1	0	0	0	0	0	4	0	0	0	0	0	0	0	1	0	0	0	0	0
"Lee Hwy & N Adams St"	8.8286467486819	1138	"38.89593"	"-77.089006"	0	0	0	0	0	1	0	0	0	0	1	0	1	0	0	0	0	0	0	0	0	0	0	0	0	0	0	0	0	0	0	1	0	0	0	6	2	0	0	0	0	0	0	0	0	0	0	0	0	0	0	0	0	1	0	0	0	0	0	0	0	0	0	0	0	0	0
"Lincoln Memorial"	36.9411426683331	69609	"38.888251"	"-77.049426"	0	0	0	0	0	1	0	0	1	0	0	0	0	0	0	0	0	0	0	0	0	0	0	0	0	0	0	0	22	0	0	0	16	0	0	11	0	1	0	0	0	0	0	0	0	0	0	0	0	0	0	0	0	0	0	0	0	0	0	0	0	0	0	22	0	0	0
"Lincoln Park / 13th & East Capitol St NE"	12.0746015598508	17694	"38.890461"	"-76.988355"	0	0	0	0	0	1	1	0	1	0	0	0	0	0	0	0	0	0	3	0	0	0	0	0	0	0	0	0	1	0	0	0	0	0	0	1	0	0	1	1	0	0	0	0	0	0	0	0	0	0	0	0	0	0	0	0	0	0	0	0	0	0	0	1	0	0	0
"Lynn & 19th St North"	23.5520305449497	14405	"38.897315"	"-77.070993"	0	2	1	0	2	1	4	0	1	0	2	0	1	0	0	7	0	1	0	0	0	0	0	0	6	2	0	0	0	0	0	8	2	1	0	16	0	0	0	0	0	0	0	2	0	4	4	0	0	0	0	0	0	0	1	0	0	0	0	0	0	0	4	0	1	0	0
"M St & Delaware Ave NE"	12.9024403927069	17825	"38.905707"	"-77.003041"	0	0	0	0	0	1	0	0	0	0	0	0	0	0	0	0	0	0	1	1	0	0	0	0	1	0	0	0	0	0	0	0	16	0	4	5	0	0	0	0	0	0	0	0	0	1	1	1	0	0	0	0	0	0	0	0	0	0	0	0	0	0	1	0	0	0	0
"M St & New Jersey Ave SE"	16.7995414346544	9159	"38.8763"	"-77.0037"	0	2	0	0	0	2	2	0	0	0	1	0	0	0	0	0	0	1	0	0	0	0	0	0	4	0	0	0	0	0	1	2	1	0	12	13	0	0	0	0	0	0	1	0	0	1	1	0	0	0	0	0	0	0	1	0	0	0	0	0	0	0	1	0	1	0	0
"M St & Pennsylvania Ave NW"	21.5895615346288	24084	"38.905126"	"-77.056887"	0	2	1	0	0	1	3	0	0	0	0	0	0	0	0	0	0	1	0	0	0	0	0	0	8	1	0	0	0	0	0	3	14	0	14	16	0	0	0	0	0	0	0	0	0	0	0	0	4	0	0	1	3	0	0	0	2	1	0	0	0	0	0	0	2	0	0
"Market Square / King St & Royal St"	24.8857633669744	4657	"38.804718"	"-77.043363"	0	2	0	0	0	2	0	0	0	0	1	1	0	0	0	1	1	1	0	0	0	0	1	0	5	1	0	0	0	0	0	0	0	0	0	7	0	0	0	0	0	0	0	0	0	0	0	0	0	0	0	0	1	0	0	0	1	0	0	0	0	0	0	0	0	0	0
"Maryland & Independence Ave SW"	31.6205199256207	27427	"38.887299"	"-77.018939"	0	0	0	0	0	1	3	0	1	0	3	0	0	0	0	0	0	0	0	0	0	0	0	1	1	0	1	1	0	0	0	3	28	0	1	12	0	0	0	0	0	0	0	0	0	1	0	0	0	0	0	0	0	0	0	0	1	0	0	0	0	0	0	0	1	0	1
"Massachusetts Ave & Dupont Circle NW"	17.1280963631157	55872	"38.9101"	"-77.0444"	0	2	4	0	0	2	5	0	2	0	7	0	0	0	0	0	0	1	1	0	2	0	4	0	18	0	0	0	1	0	0	3	58	0	0	41	0	0	0	2	0	0	0	0	0	3	4	2	1	1	0	4	0	1	0	0	0	3	1	0	0	0	3	1	4	0	0
"Metro Center / 12th & G St NW"	21.6005977011494	21750	"38.898364"	"-77.027869"	0	8	0	0	3	2	7	1	0	0	3	0	0	0	0	0	0	0	1	0	2	0	2	0	9	0	0	0	0	0	0	2	96	0	1	46	0	0	0	0	1	0	0	0	0	7	4	0	0	1	0	0	7	0	0	0	2	0	0	0	1	0	7	0	2	0	2
"Minnesota Ave Metro/DOES"	22.6133333333333	375	"38.897063"	"-76.947446"	0	0	0	0	0	1	0	0	0	0	0	0	0	1	0	0	0	0	0	0	0	0	0	0	0	3	0	0	0	0	0	0	0	5	0	0	0	0	0	1	0	0	0	0	4	0	0	0	0	0	0	0	0	0	0	0	0	0	0	0	0	0	0	0	0	0	0
"Montgomery Ave & Waverly St"	34.3034773445732	949	"38.983838"	"-77.09221"	1	4	0	0	0	0	1	0	0	0	2	1	0	0	0	1	0	0	2	1	1	1	0	0	3	1	1	0	0	0	0	2	6	0	0	38	0	0	0	0	0	0	0	0	0	1	2	0	0	0	0	0	0	0	0	0	0	2	0	0	0	0	1	1	0	1	0
"N Pershing Dr & Wayne St"	15.5248747913189	2995	"38.880705"	"-77.08596"	0	0	0	0	0	0	0	0	0	0	0	0	0	0	0	0	0	0	1	0	0	0	0	0	0	0	0	0	0	0	0	1	3	0	1	6	0	0	0	0	0	0	0	0	0	0	0	0	0	0	0	0	0	0	0	0	0	0	0	0	0	0	0	0	0	0	0
"N Quincy St & Glebe Rd"	11.6778625954198	3275	"38.876393"	"-77.107735"	0	1	0	0	0	1	0	0	0	0	0	0	0	0	0	0	1	1	0	0	0	0	0	0	2	0	0	0	0	0	0	0	7	0	0	27	1	0	0	0	0	0	0	0	0	0	0	0	0	0	0	0	0	0	0	0	0	0	0	0	0	0	0	0	0	0	0
"N Quincy St & Wilson Blvd"	12.1591273018415	4996	"38.880151"	"-77.107673"	0	2	0	0	0	1	4	0	0	0	2	1	0	0	0	1	2	0	0	0	0	0	0	0	5	0	0	0	0	0	10	0	9	0	0	16	0	0	0	0	1	0	0	0	0	0	0	1	0	0	0	0	0	0	0	0	0	1	0	0	0	0	0	0	0	0	0
"N Randolph St & Fairfax Dr"	14.6473442288049	3916	"38.882629"	"-77.109366"	1	1	1	0	0	2	5	0	0	0	1	0	0	0	0	0	1	0	1	0	1	0	1	0	4	0	0	0	0	0	9	1	7	0	3	18	0	1	0	0	0	0	1	0	0	1	2	0	0	0	0	0	0	3	0	0	0	1	0	0	0	0	1	0	1	1	0
"N Rhodes & 16th St N"	17.640174379611	2982	"38.892164"	"-77.079375"	0	0	0	4	0	2	0	0	0	0	0	0	0	0	0	1	0	0	0	0	0	0	0	0	6	0	0	0	0	0	0	0	52	0	5	21	0	0	0	0	0	0	0	0	0	0	0	0	0	0	0	0	0	0	0	0	0	1	0	0	0	0	0	1	0	0	0
"N Veitch  & 20th St N"	12.8688908399181	3417	"38.896923"	"-77.086502"	0	0	0	0	0	1	0	0	0	0	0	0	0	0	0	0	0	0	0	0	0	0	0	0	0	0	0	0	0	0	0	0	3	1	0	8	0	0	0	0	0	0	0	0	0	0	0	0	0	0	0	0	0	0	0	0	0	0	0	0	0	0	0	0	0	0	0
"N Veitch & Key Blvd"	10.6673076923077	3120	"38.893241"	"-77.086045"	0	1	1	0	0	2	2	0	0	0	1	0	0	0	0	0	0	0	0	0	0	0	1	0	2	0	0	0	0	0	0	0	49	0	2	24	2	0	0	0	0	0	0	0	0	0	0	0	0	0	0	0	0	0	0	0	0	0	0	0	0	0	0	0	0	0	0
"Nannie Helen Burroughs & Minnesota Ave NE"	13.960396039604	101	"38.901385"	"-76.941877"	0	0	0	0	0	1	0	0	0	0	0	0	1	0	0	0	0	0	2	0	0	0	0	0	0	0	0	0	0	0	0	0	0	4	0	7	2	0	0	0	0	0	0	0	3	0	0	0	0	0	0	0	0	0	0	0	0	0	0	0	0	0	0	0	0	0	0
"Neal St & Trinidad Ave NE"	13.5932924753149	5874	"38.903732"	"-76.987211"	0	0	0	0	0	0	0	0	0	0	0	0	0	0	0	0	0	0	0	0	0	0	0	0	0	1	0	0	0	0	0	0	3	0	0	1	0	0	0	0	0	0	0	0	1	0	0	0	0	0	0	0	0	0	0	0	0	0	0	0	0	0	0	0	0	0	0
"New Hampshire Ave & T St NW"	10.4341353257688	35869	"38.91554"	"-77.03818"	0	0	2	0	0	1	1	0	1	1	1	0	0	0	0	0	0	0	1	0	2	0	1	0	0	0	0	0	0	1	0	0	19	0	4	32	0	0	0	1	0	0	0	0	0	0	0	1	0	0	2	0	0	2	1	0	0	0	0	0	0	0	0	0	2	0	0
"New Jersey Ave & R St NW"	11.7972166998012	10563	"38.912659"	"-77.017669"	0	0	0	0	0	0	0	0	0	0	1	0	3	1	0	0	0	0	0	0	1	1	0	0	1	1	0	0	0	0	0	0	22	0	8	30	0	0	0	0	0	0	0	0	0	0	0	2	0	0	0	0	0	2	0	0	1	0	0	0	0	0	0	0	0	0	0
"New York Ave & 15th St NW"	29.2455500902367	28259	"38.8991"	"-77.0337"	1	5	0	0	0	3	7	0	0	0	2	3	0	3	0	0	0	1	1	0	1	0	1	0	5	0	0	0	3	0	0	0	73	0	0	37	0	3	0	2	1	1	0	0	0	3	1	1	0	0	0	0	0	1	0	4	2	0	0	1	0	0	3	1	2	0	0
"Norfolk Ave & Fairmont St"	20.9398734177215	1264	"38.988562"	"-77.096539"	0	2	2	2	0	0	2	0	0	0	5	1	1	0	0	2	0	1	0	0	0	0	3	0	9	1	1	0	0	0	0	1	3	0	0	47	0	0	0	0	0	0	0	0	0	0	0	0	0	0	0	0	0	1	0	0	0	0	0	1	0	0	0	0	0	0	0
"North Capitol St & F St NW"	16.1594247129287	26213	"38.897446"	"-77.009888"	0	2	0	0	0	1	3	0	0	0	1	0	0	0	0	0	0	0	0	0	0	1	2	0	0	0	0	0	1	0	0	2	50	0	1	28	0	0	0	0	0	0	0	0	0	3	0	1	0	0	0	0	0	0	0	0	0	0	0	0	0	0	3	1	3	0	1
"Ohio Dr & West Basin Dr SW / MLK & FDR Memorials"	37.8819171368325	17547	"38.88412"	"-77.04657"	0	0	0	0	1	1	0	0	4	0	0	0	0	0	0	0	0	0	0	0	0	0	0	0	0	0	0	0	0	0	0	2	6	0	0	1	0	0	0	0	0	0	0	0	0	0	0	0	0	0	0	0	0	0	0	0	0	0	0	0	0	0	0	0	0	0	0
"Park Rd & Holmead Pl NW"	12.3339693038243	23586	"38.9308"	"-77.0315"	2	4	1	0	3	1	4	0	0	0	8	1	0	0	0	1	1	0	1	0	1	2	0	0	5	0	2	0	0	0	0	2	18	0	1	27	0	0	0	0	1	0	0	0	0	1	0	2	0	1	0	0	2	1	1	1	0	0	2	2	1	1	1	0	0	0	0
"Pennsylvania & Minnesota Ave SE"	25.1439790575916	382	"38.873057"	"-76.971015"	0	0	0	0	0	1	0	0	0	0	0	0	0	1	0	0	0	0	2	0	0	1	0	0	1	0	0	0	0	0	0	0	0	0	0	0	0	0	0	2	0	0	0	0	14	0	0	2	0	0	0	0	0	1	0	0	0	0	0	0	0	0	0	0	0	0	0
"Pentagon City Metro / 12th & S Hayes St"	15.1653532420849	7233	"38.862303"	"-77.059936"	0	0	0	0	0	1	1	0	0	0	0	0	0	0	0	0	0	1	0	0	0	0	0	0	2	0	0	0	0	0	16	0	18	0	10	12	0	0	0	0	0	0	0	0	0	1	3	0	0	0	0	0	0	0	0	1	0	0	0	0	0	0	1	0	0	0	0
"Pershing & N George Mason Dr"	13.8207395498392	2488	"38.871822"	"-77.107906"	1	0	0	0	2	0	0	0	0	0	1	0	0	0	0	0	1	0	0	0	1	0	0	0	1	0	0	0	0	0	0	0	0	0	0	12	0	0	0	0	0	0	0	0	0	0	0	0	0	0	0	0	0	0	0	0	0	0	0	0	0	0	0	0	0	0	0
"Philadelphia & Maple Ave"	10.1938232161874	939	"38.98128"	"-77.011336"	0	0	0	0	0	0	0	0	0	0	0	0	0	0	0	0	0	0	0	1	0	0	0	0	0	2	0	0	0	0	0	0	0	0	2	1	0	0	0	0	0	0	0	0	0	0	0	0	0	0	0	0	0	0	0	0	0	0	0	0	0	0	0	0	0	0	0
"Pleasant St & MLK Ave SE"	6.59431524547804	774	"38.863897"	"-76.990037"	0	1	0	0	0	0	1	0	0	0	0	0	0	1	0	0	0	0	1	0	0	0	0	0	0	1	0	0	0	0	0	0	0	1	0	0	1	0	0	0	0	0	0	0	14	0	0	1	0	0	0	0	0	1	0	0	0	0	0	0	0	0	0	0	0	0	0
"Potomac & Pennsylvania Ave SE"	13.3554095581223	9437	"38.8803"	"-76.9862"	0	0	2	0	0	1	0	0	0	0	1	0	0	0	0	0	0	0	0	0	0	0	0	0	3	4	0	0	0	0	0	0	0	0	0	0	0	0	0	0	0	0	0	0	0	4	0	0	0	0	0	0	0	0	0	0	0	1	0	0	0	1	4	0	0	0	0
"Potomac Ave & 35th St S"	16.7800433839479	2305	"38.844015"	"-77.050537"	0	0	0	0	0	2	0	0	0	0	0	0	0	0	0	0	0	0	0	0	0	0	0	0	0	0	0	0	0	0	0	0	0	3	0	8	0	0	0	0	0	0	0	0	0	1	0	0	0	0	0	0	0	0	0	0	0	0	0	0	0	1	0	0	0	0	0
"Prince St & Union St"	52.5927163381223	2993	"38.803124"	"-77.040363"	0	0	0	0	0	2	1	0	0	0	0	0	0	0	0	2	1	0	0	0	0	0	1	0	1	0	0	0	0	0	0	0	1	0	0	6	0	0	0	0	0	0	0	0	1	0	0	0	0	0	0	0	0	0	0	0	0	0	0	1	1	0	0	4	0	0	0
"Randle Circle & Minnesota Ave SE"	36.1379310344828	58	"38.878"	"-76.9607"	0	0	0	0	0	1	0	0	1	0	0	0	0	1	0	0	0	0	0	0	0	0	0	0	0	0	0	0	0	0	0	0	0	0	0	0	0	0	0	0	0	0	0	0	0	0	0	0	0	0	0	0	0	0	0	0	0	0	0	0	0	0	0	0	0	0	0
"Rhode Island Ave & V St NE"	14.0762226464973	6809	"38.918155"	"-77.004746"	0	0	0	0	0	0	0	0	0	0	0	0	0	0	0	0	0	0	0	0	0	0	0	0	0	0	0	0	0	0	0	0	1	0	0	4	0	0	0	0	0	0	0	0	0	0	0	0	0	0	0	0	0	0	0	0	0	0	0	0	0	0	0	0	0	0	0
"Rosslyn Metro / Wilson Blvd & Ft Myer Dr"	24.0577573380225	7393	"38.8946"	"-77.072305"	0	3	0	2	0	1	9	0	0	0	4	0	1	0	0	6	0	1	0	0	0	0	0	0	16	1	0	5	0	0	0	9	23	0	0	25	0	0	0	0	0	0	0	1	0	4	4	0	0	0	0	0	0	1	1	0	0	2	0	0	0	1	4	2	1	0	0
"S Arlington Mill Dr & Campbell Ave"	34.7345438824038	2313	"38.84232"	"-77.089555"	0	0	0	1	0	0	0	0	2	0	1	1	0	0	0	0	0	0	0	0	0	0	0	0	0	0	0	0	0	0	0	0	1	0	0	1	0	0	0	0	0	0	0	0	0	0	0	0	0	0	0	0	0	0	0	0	0	0	0	0	0	1	0	0	0	0	0
"S Four Mile Run & Walter Reed Dr"	16.5344506517691	537	"38.84736"	"-77.095431"	0	0	0	0	0	0	0	0	0	0	0	0	2	0	0	0	0	0	0	0	0	0	0	0	0	0	0	0	0	0	0	0	13	0	1	14	0	0	0	0	0	0	0	0	0	0	0	0	0	0	0	0	0	0	0	0	0	0	0	0	0	0	0	0	0	0	0
"S Four Mile Run Dr & S Shirlington Rd"	27.6097067745197	989	"38.8444"	"-77.085931"	0	0	0	0	0	1	0	0	2	0	1	0	0	0	0	0	0	0	0	0	0	0	0	0	0	0	0	0	0	0	0	0	20	0	0	11	0	0	0	0	0	0	0	0	0	0	0	0	0	0	0	0	0	0	0	0	0	0	0	0	0	0	0	0	0	1	0
"S George Mason Dr & 13th St S"	47.0803212851406	249	"38.854691"	"-77.100555"	0	0	0	0	0	0	0	0	0	0	0	0	0	0	0	0	0	0	0	0	0	0	0	0	0	0	0	0	0	0	0	0	7	0	1	10	2	0	0	1	0	0	0	0	0	0	0	0	0	0	0	0	0	0	0	0	0	0	0	0	0	0	0	0	0	0	0
"S George Mason Dr & Four Mile Run"	34.489898989899	792	"38.852248"	"-77.105022"	0	0	0	0	0	0	0	0	0	0	0	0	0	0	0	0	0	0	0	0	0	0	0	0	0	0	0	0	0	0	0	0	23	0	1	22	3	0	0	0	0	0	0	0	0	0	0	0	0	0	0	0	0	0	0	0	0	0	0	0	0	0	0	0	0	0	0
"S Glebe & Potomac Ave"	18.1467680608365	3945	"38.8426"	"-77.0502"	0	0	0	0	0	2	0	0	0	0	0	0	0	0	0	0	0	0	0	0	0	0	0	0	0	0	0	0	0	0	0	0	1	2	0	2	0	0	0	0	0	0	0	0	0	1	0	0	0	0	0	0	0	0	0	0	0	0	0	0	0	1	0	0	0	0	0
"S Joyce & Army Navy Dr"	18.0962424242424	4125	"38.8637"	"-77.0633"	0	0	0	0	0	1	2	0	0	0	1	1	0	0	0	0	0	1	0	0	0	0	0	0	6	0	0	0	0	0	9	0	12	0	10	7	0	0	0	0	0	0	0	0	0	0	1	0	0	0	0	0	2	0	0	1	1	1	0	1	0	1	0	0	0	0	0
"S Kenmore & 24th St S"	21.3733333333333	225	"38.848454"	"-77.084918"	0	0	0	4	0	1	0	0	1	0	0	0	0	0	0	0	0	0	0	0	0	0	0	1	0	2	0	1	0	0	0	2	5	0	0	1	0	0	0	0	1	0	0	0	0	0	0	0	0	0	0	0	0	1	0	0	0	0	0	0	0	0	0	0	0	0	0
"S Oakland St & Columbia Pike"	24.7644444444444	225	"38.860789"	"-77.09586"	0	0	0	0	0	0	0	0	0	0	0	0	0	0	0	0	0	0	0	0	0	0	0	0	0	0	0	0	0	0	0	0	3	0	0	16	0	0	0	0	0	0	0	0	0	0	0	0	0	0	0	0	0	0	0	0	0	0	0	0	0	0	0	0	0	0	0
"S Stafford & 34th St S"	18.7572815533981	412	"38.834108"	"-77.087323"	0	0	0	0	0	0	0	0	1	0	0	0	0	0	0	0	0	0	1	0	0	0	0	0	0	1	0	0	0	0	0	0	1	0	0	3	0	0	0	0	0	0	0	0	0	0	0	0	0	0	0	0	0	0	0	0	0	0	0	0	0	0	0	0	0	0	0
"S Troy St & 26th St S"	29.961038961039	1001	"38.847977"	"-77.075104"	0	0	0	0	0	0	0	0	0	0	0	0	0	0	0	0	0	0	0	0	0	0	0	0	0	0	0	0	0	0	0	0	0	2	0	0	0	0	0	0	0	0	0	0	0	0	0	0	0	0	0	0	0	0	0	0	0	0	0	0	0	0	0	0	0	0	0
"Saint Asaph St & Pendleton  St"	23.9630652399033	2897	"38.810743"	"-77.044664"	0	1	0	0	0	1	1	1	0	0	0	0	2	0	0	3	0	0	1	0	0	1	0	0	1	1	0	0	0	0	0	0	0	0	0	26	0	0	0	0	1	0	0	0	2	0	0	0	0	0	1	0	1	0	0	0	0	1	0	0	0	1	0	0	0	0	0
"Smithsonian / Jefferson Dr & 12th St SW"	45.7781268407618	30558	"38.888767"	"-77.02858"	0	0	0	0	0	3	0	0	2	0	0	0	0	0	0	0	0	0	0	0	0	0	0	0	0	0	0	0	0	0	0	2	30	0	0	18	0	0	0	1	0	2	0	0	0	3	2	0	0	0	0	0	0	0	0	0	0	0	0	0	0	0	3	0	0	1	0
"Tenleytown / Wisconsin Ave & Albemarle St NW"	13.0082635399218	8955	"38.947607"	"-77.079382"	0	0	0	0	4	1	3	0	0	0	0	0	0	0	0	0	2	0	4	0	1	0	0	0	3	3	0	0	0	0	0	0	2	0	0	21	0	0	0	1	0	0	0	0	0	4	1	1	0	0	0	0	0	1	1	2	0	0	0	0	0	1	4	0	0	0	0
"Thomas Circle"	14.7858931970744	39924	"38.9059"	"-77.0325"	1	0	0	0	0	1	3	0	0	2	0	0	0	0	0	1	1	1	2	0	2	0	0	0	8	2	0	0	2	2	0	0	52	0	0	29	0	0	0	1	0	0	0	1	0	0	0	0	0	0	0	0	0	0	0	0	0	0	0	0	0	0	0	2	5	0	0
"Traville Gateway Dr & Gudelsky Dr"	48.5083333333333	120	"39.093783"	"-77.202501"	0	0	0	0	3	0	3	0	0	0	0	0	0	0	0	0	0	0	0	0	0	0	0	0	1	0	0	0	0	0	13	1	0	0	0	0	0	0	0	0	0	0	0	0	0	0	0	0	0	0	0	0	0	0	0	0	0	0	0	0	0	0	0	0	0	0	0
"US Dept of State / Virginia Ave & 21st St NW"	19.5446446248268	10102	"38.894919"	"-77.046587"	0	1	0	0	3	3	1	0	1	0	2	0	0	0	0	0	0	1	0	0	0	0	0	1	0	0	0	1	3	0	0	1	11	1	1	34	0	2	2	0	0	1	0	0	0	0	0	1	0	0	0	0	0	1	0	0	0	0	0	0	0	0	0	3	0	0	1
"USDA / 12th & Independence Ave SW"	28.8362792358507	16803	"38.887237"	"-77.028226"	0	0	0	0	0	3	0	0	1	0	0	0	0	1	0	0	0	0	0	0	0	0	0	0	0	1	0	0	0	0	0	5	32	0	2	10	0	0	0	1	0	1	0	0	0	3	1	0	0	0	0	0	0	0	0	0	0	0	0	0	0	0	3	0	0	1	0
"Utah St & 11th St N"	15.3950263032042	2091	"38.883669"	"-77.113905"	0	2	0	0	0	2	0	0	0	0	3	0	0	0	0	0	0	0	1	0	0	0	0	0	2	0	0	0	0	0	10	1	19	0	3	25	3	0	0	0	0	0	0	0	0	0	0	0	0	0	0	0	0	0	0	0	0	0	0	0	0	0	0	0	0	0	0
"Van Ness Metro / UDC"	17.2117966510786	6629	"38.944551"	"-77.063896"	0	2	0	0	2	1	2	0	0	0	2	0	0	0	0	0	0	2	0	0	0	1	0	0	5	1	0	0	0	0	0	2	19	0	0	11	0	0	0	0	0	0	0	0	0	3	1	2	0	0	0	0	0	0	2	0	0	1	0	0	0	1	3	0	0	0	0
"Virginia Square Metro / N Monroe St & 9th St N"	10.3868471953578	6721	"38.882788"	"-77.103148"	0	0	0	1	0	2	1	1	0	0	1	0	0	0	0	0	0	0	0	0	0	0	0	0	0	2	0	0	0	0	0	1	12	0	6	10	0	0	0	0	0	0	0	0	0	1	1	0	0	0	0	0	0	1	1	0	0	0	0	0	0	0	1	0	0	0	0
"Walter Reed Community Center / Walter Reed Dr & 16th St S"	12.8796296296296	540	"38.857803"	"-77.086733"	0	0	0	0	0	1	0	0	1	0	0	0	0	0	0	0	0	0	0	0	0	0	0	0	0	0	0	0	0	0	0	0	3	0	0	4	1	0	0	0	0	0	0	0	0	0	0	0	0	0	0	0	0	1	1	0	0	0	0	0	0	0	0	0	0	0	0
"Ward Circle / American University"	20.2900284900285	5265	"38.938736"	"-77.087171"	0	1	0	0	0	1	0	0	0	0	2	0	0	0	0	0	0	0	0	0	0	0	0	0	0	0	0	0	0	0	0	2	6	0	0	14	0	0	1	0	0	0	0	0	0	0	0	0	0	0	0	0	0	1	0	0	0	0	0	0	0	0	0	0	0	0	1
"Washington & Independence Ave SW/HHS"	25.4840929077647	19331	"38.88731"	"-77.01397"	0	0	0	0	0	0	0	0	0	0	0	0	0	0	0	0	0	0	0	0	0	0	0	0	0	0	0	0	0	0	0	1	71	4	0	27	0	1	0	0	0	0	0	0	0	0	0	0	0	0	0	0	0	0	0	0	0	0	0	0	0	0	0	0	0	0	0
"Washington Blvd & 10th St N"	12.7147928994083	3380	"38.884734"	"-77.093485"	0	1	2	0	2	1	0	0	0	0	1	0	0	0	0	0	0	0	0	0	0	1	0	0	4	0	0	0	0	0	0	0	6	0	0	18	0	0	0	0	0	0	0	0	0	0	0	1	0	0	0	0	0	1	0	0	0	0	0	0	0	0	0	0	0	0	0
"Washington Blvd & 7th St N"	14.5062454077884	1361	"38.880834"	"-77.091129"	0	0	0	0	0	1	0	0	0	0	0	0	0	0	0	0	0	0	0	0	0	0	0	0	0	0	0	0	0	0	0	4	4	0	1	10	0	0	1	0	0	0	0	0	0	0	0	0	0	0	0	0	0	1	0	0	0	0	0	0	0	0	0	0	0	0	0
"Wilson Blvd & Franklin Rd"	10.6360824742268	3880	"38.8904"	"-77.0889"	0	1	0	0	2	1	1	0	0	0	2	0	0	0	0	1	0	0	0	0	0	0	1	0	7	0	0	0	0	0	0	3	49	0	5	22	2	0	0	0	0	0	1	0	0	0	0	0	0	0	1	0	0	0	0	0	0	0	0	0	1	0	0	0	1	0	0
"Wilson Blvd & N Edgewood St"	13.3698417623332	3223	"38.889"	"-77.0925"	0	1	0	0	2	2	3	0	0	0	1	3	0	0	0	3	0	1	0	0	0	0	2	0	12	1	0	0	0	0	0	3	40	0	0	20	0	0	0	0	0	0	0	1	0	0	0	0	0	1	1	0	2	0	0	0	0	0	1	0	0	0	0	0	0	0	0
"Wilson Blvd & N Oakland St"	14.0329760923331	2426	"38.8815"	"-77.10396"	0	0	0	1	0	2	2	0	0	0	0	0	0	0	0	1	0	0	0	0	0	0	0	0	0	2	0	0	0	0	0	0	12	0	6	10	0	0	0	0	0	0	0	0	0	1	1	0	0	0	0	0	0	1	0	0	0	0	0	0	0	0	1	0	0	0	0
"Wilson Blvd & N Uhle St"	10.7327160493827	6480	"38.891696"	"-77.0846"	0	3	1	1	1	3	5	0	1	0	3	0	0	0	0	3	0	1	0	2	0	1	3	0	8	0	0	0	0	0	0	3	73	0	6	30	0	1	0	0	0	0	2	1	0	1	4	0	0	0	0	0	0	0	0	0	0	1	1	0	1	0	1	0	0	1	0
"Wisconsin Ave & Newark St NW"	16.7778344598903	7841	"38.934881"	"-77.072755"	0	2	0	0	0	1	2	0	0	0	0	0	0	0	0	0	0	1	0	1	0	0	1	0	8	0	0	0	0	0	0	0	0	0	0	5	0	0	0	0	0	0	4	0	0	0	0	2	0	1	0	0	1	0	0	0	0	1	0	0	0	1	0	0	0	0	0
"Wisconsin Ave & O St NW"	20.4513986884702	12047	"38.90849"	"-77.063586"	0	3	1	0	0	0	6	0	0	0	4	0	0	1	0	0	0	1	1	0	1	0	1	0	2	2	0	0	0	0	0	6	27	0	12	4	0	0	0	0	0	0	0	0	0	0	0	1	1	0	0	1	24	1	0	1	4	6	0	1	2	0	0	0	1	0	0
